"Filename","Camera","Date","Bay","Coral location","Lat","Lon","Species","Count","Classified by","Length (cm)","Width (cm)","Area (cm2)","Measured by","Link"
"P2040311","RED",2026-02-05,"NB","B",18.3555809687823,-64.7011735662818,,,,,,,,
"P2040313","RED",2026-02-05,"NB","B",18.35559329018,-64.7009553015232,,,,,,,,
"P2040314","RED",2026-02-05,"NB","B",18.3555939607322,-64.7009433992207,,,,,,,,
"P2040315","RED",2026-02-05,"NB","B",18.3555943798274,-64.7009354364127,,,,,,,,
"P2040316","RED",2026-02-05,"NB","B",18.3555948827416,-64.7009275574237,,,,,,,,
"P2040317","RED",2026-02-05,"NB","B",18.3555973134935,-64.7008838877082,,,,,,,,
"P2040318","RED",2026-02-05,"NB","B",18.3556900173426,-64.6992408670485,,,,,,,,
"P2040319","RED",2026-02-05,"NB","B",18.3556906878948,-64.699228964746,,,,,,,,
"P2040320","RED",2026-02-05,"NB","B",18.3556916099042,-64.699213122949,,,,,,,,
"P2040321","RED",2026-02-05,"NB","B",18.3556924480945,-64.699197197333,,,,,,,,
"P2040322","RED",2026-02-05,"NB","B",18.3556944597512,-64.6991614904255,,,,,,,,
"P2040323","RED",2026-02-05,"NB","B",18.3556987345219,-64.699086137116,,,,,,,,
"P2040324","RED",2026-02-05,"NB","B",18.3556994050741,-64.6990742348135,,,,,,,,
"P2040325","RED",2026-02-05,"NB","B",18.3557047694921,-64.6989789325744,,,,,,,,
"P2040326","RED",2026-02-05,"NB","B",18.3557066135108,-64.6989471651614,,,,,,,,
"P2040327","RED",2026-02-05,"NB","B",18.3557072840631,-64.6989352628589,,,,,,,,
"P2040328","RED",2026-02-05,"NB","B",18.3557126484811,-64.6988400444388,,,,,,,,
"P2040330","RED",2026-02-05,"NB","B",18.3557316754013,-64.6985027566552,,,,,,,,
"P2040332","RED",2026-02-05,"NB","B",18.3557433262467,-64.6982963103801,,,,,,,,
"P2040333","RED",2026-02-05,"NB","B",18.3557460084558,-64.6982487011701,,,,,,,,
"P2040334","RED",2026-02-05,"NB","B",18.3558361977339,-64.6966493502259,,,,,,,,
"P2040335","RED",2026-02-05,"NB","B",18.3558398019522,-64.6965858992189,,,,,,,,
"P2040336","RED",2026-02-05,"NB","B",18.3558408915997,-64.6965660341084,,,,,,,,
"P2040337","RED",2026-02-05,"NB","B",18.3558456692845,-64.6964827179909,,,,,,,,
"P2040338","RED",2026-02-05,"NB","B",18.3558485191315,-64.6964310854673,,,,,,,,
"P2040339","RED",2026-02-05,"NB","B",18.3558505307883,-64.6963953785598,,,,,,,,
"P2040340","RED",2026-02-05,"NB","B",18.3558517042547,-64.6963755134493,,,,,,,,
"P2040341","RED",2026-02-05,"NB","B",18.3558537159115,-64.6963398065418,,,,,,,,
"P2040342","RED",2026-02-05,"NB","B",18.3558590803295,-64.6962445881218,,,,,,,,
"P2040343","RED",2026-02-05,"NB","B",18.3558740839362,-64.6959787141532,,,,,,,,
"P2040344","RED",2026-02-05,"NB","B",18.3558750059456,-64.6959627885371,,,,,,,,
"P2040345","RED",2026-02-05,"NB","B",18.3558756764978,-64.6959508862346,,,,,,,,
"P2040346","RED",2026-02-05,"NB","B",18.3558765146881,-64.6959350444376,,,,,,,,
"P2040347","RED",2026-02-05,"NB","B",18.3558817114681,-64.6958437655121,,,,,,,,
"P2040348","RED",2026-02-05,"NB","B",18.3558843936771,-64.6957961563021,,,,,,,,
"P2040349","RED",2026-02-05,"NB","B",18.3558915182948,-64.695669170469,,,,,,,,
"P2040350","RED",2026-02-05,"NB","B",18.3558935299516,-64.6956333797425,,,,,,,,
"P2040351","RED",2026-02-05,"NB","B",18.3558940328658,-64.6956255007535,,,,,,,,
"P2040352","RED",2026-02-05,"NB","B",18.3558948710561,-64.6956095751375,,,,,,,,
"P2040353","RED",2026-02-05,"NB","B",18.3558957930654,-64.6955937333405,,,,,,,,
"P2040354","RED",2026-02-05,"NB","B",18.355897385627,-64.695565989241,,,,,,,,
"P2040355","RED",2026-02-05,"NB","B",18.3559040911496,-64.6954468823969,,,,,,,,
"P2040356","RED",2026-02-05,"NB","B",18.355905180797,-64.6954270172864,,,,,,,,
"P2040357","RED",2026-02-05,"NB","B",18.3559061028063,-64.6954111754894,,,,,,,,
"P2040358","RED",2026-02-05,"NB","B",18.3559087850153,-64.6953635662794,,,,,,,,
"P2040359","RED",2026-02-05,"NB","B",18.3559117186815,-64.6953119337559,,,,,,,,
"P2040360","RED",2026-02-05,"NB","B",18.3559128083289,-64.6952921524644,,,,,,,,
"P2040362","RED",2026-02-05,"NB","B",18.355926470831,-64.6950499992818,,,,,,,,
"P2040363","RED",2026-02-05,"NB","B",18.3559311646968,-64.6949666831642,,,,,,,,
"P2040364","RED",2026-02-05,"NB","B",18.3559363614768,-64.6948754042387,,,,,,,,
"P2040365","RED",2026-02-05,"NB","B",18.3559444081038,-64.6947325766087,,,,,,,,
"P2040366","RED",2026-02-05,"NB","B",18.3559452462941,-64.6947166509926,,,,,,,,
"P2040367","RED",2026-02-05,"NB","B",18.3559457492083,-64.6947086881846,,,,,,,,
"P2040368","RED",2026-02-05,"NB","B",18.3559464197606,-64.6946967858821,,,,,,,,
"P2040369","RED",2026-02-05,"NB","B",18.3559468388557,-64.6946889068931,,,,,,,,
"P2040370","RED",2026-02-05,"NB","B",18.355947509408,-64.6946770045906,,,,,,,,
"P2040371","RED",2026-02-05,"NB","B",18.3559481799603,-64.6946651022881,,,,,,,,
"P2040372","RED",2026-02-05,"NB","B",18.3559497725219,-64.6946372743696,,,,,,,,
"P2040373","RED",2026-02-05,"NB","B",18.3559506107122,-64.6946214325726,,,,,,,,
"P2040374","RED",2026-02-05,"NB","B",18.3559513650835,-64.6946095302701,,,,,,,,
"P2040375","RED",2026-02-05,"NB","B",18.3559522032738,-64.6945936046541,,,,,,,,
"P2040376","RED",2026-02-05,"NB","B",18.3559535443783,-64.6945698000491,,,,,,,,
"P2040377","RED",2026-02-05,"NB","B",18.3559544663876,-64.6945539582521,,,,,,,,
"P2040378","RED",2026-02-05,"NB","B",18.3559548854828,-64.6945459954441,,,,,,,,
"P2040379","RED",2026-02-05,"NB","B",18.355955388397,-64.6945381164551,,,,,,,,
"P2040380","RED",2026-02-05,"NB","B",18.3559574000537,-64.6945023257285,,,,,,,,
"P2040381","RED",2026-02-05,"NB","B",18.355958070606,-64.694490423426,,,,,,,,
"P2040382","RED",2026-02-05,"NB","B",18.3559591602534,-64.6944706421345,,,,,,,,
"P2040383","RED",2026-02-05,"NB","B",18.3559611719102,-64.694434935227,,,,,,,,
"P2040384","RED",2026-02-05,"NB","B",18.3559665363282,-64.694339632988,,,,,,,,
"P2040385","RED",2026-02-05,"NB","B",18.3559561427683,-64.6943298261613,,,,,,,,
"P2040386","RED",2026-02-05,"NB","B",18.355947509408,-64.694334436208,,,,,,,,
"P2040387","RED",2026-02-05,"NB","B",18.3559653628618,-64.6943532116711,,,,,,,,
"P2040388","RED",2026-02-05,"NB","B",18.3559702243656,-64.6943557262421,,,,,,,,
"P2040389","RED",2026-02-05,"NB","B",18.3559757564217,-64.6943592466414,,,,,,,,
"P2040390","RED",2026-02-05,"NB","B",18.3559767622501,-64.694360839203,,,,,,,,
"P2040391","RED",2026-02-05,"NB","B",18.3559624291956,-64.6943558100611,,,,,,,,
"P2040392","RED",2026-02-05,"NB","B",18.3559653628618,-64.6943553909659,,,,,,,,
"P2040393","RED",2026-02-05,"NB","B",18.3559651952237,-64.6943557262421,,,,,,,,
"P2040394","RED",2026-02-05,"NB","B",18.3559651952237,-64.694355558604,,,,,,,,
"P2040395","RED",2026-02-05,"NB","B",18.3559650275856,-64.694355474785,,,,,,,,
"P2040396","RED",2026-02-05,"NB","B",18.3559648599476,-64.6943553909659,,,,,,,,
"P2040397","RED",2026-02-05,"NB","B",18.3559647761285,-64.6943552233279,,,,,,,,
"P2040398","RED",2026-02-05,"NB","B",18.3559645246714,-64.6943550556898,,,,,,,,
"P2040399","RED",2026-02-05,"NB","B",18.3559641055763,-64.6943548880517,,,,,,,,
"P2040400","RED",2026-02-05,"NB","B",18.3559640217572,-64.6943549718708,,,,,,,,
"P2040401","RED",2026-02-05,"NB","B",18.3559640217572,-64.6943549718708,,,,,,,,
"P2040402","RED",2026-02-05,"NB","B",18.3559637703001,-64.6943548880517,,,,,,,,
"P2040403","RED",2026-02-05,"NB","B",18.3559637703001,-64.6943549718708,,,,,,,,
"P2040404","RED",2026-02-05,"NB","B",18.3559636026621,-64.6943548880517,,,,,,,,
"P2040405","RED",2026-02-05,"NB","B",18.3559624291956,-64.6943547204137,,,,,,,,
"P2040406","RED",2026-02-05,"NB","B",18.3559623453766,-64.6943544689566,,,,,,,,
"P2040407","RED",2026-02-05,"NB","B",18.3559622615576,-64.6943550556898,,,,,,,,
"P2040408","RED",2026-02-05,"NB","B",18.3559407200664,-64.6943484339863,,,,,,,,
"P2040409","RED",2026-02-05,"NB","B",18.3559405524284,-64.6943482663482,,,,,,,,
"P2040410","RED",2026-02-05,"NB","B",18.3559403009713,-64.6943480148911,,,,,,,,
"P2040411","RED",2026-02-05,"NB","B",18.3559399656951,-64.6943479310721,,,,,,,,
"P2040412","RED",2026-02-05,"NB","B",18.3559397980571,-64.6943478472531,,,,,,,,
"P2040413","RED",2026-02-05,"NB","B",18.355939462781,-64.6943477634341,,,,,,,,
"P2040414","RED",2026-02-05,"NB","B",18.355939462781,-64.6943477634341,,,,,,,,
"P2040415","RED",2026-02-05,"NB","B",18.3559395466,-64.6943482663482,,,,,,,,
"P2040416","RED",2026-02-05,"NB","B",18.3559395466,-64.6943483501673,,,,,,,,
"P2040417","RED",2026-02-05,"NB","B",18.3559392113239,-64.6943486016244,,,,,,,,
"P2040418","RED",2026-02-05,"NB","B",18.3559385407716,-64.6943496074528,,,,,,,,
"P2040419","RED",2026-02-05,"NB","B",18.3559383731335,-64.6943500265479,,,,,,,,
"P2040420","RED",2026-02-05,"NB","B",18.3559382054955,-64.6943501103669,,,,,,,,
"P2040421","RED",2026-02-05,"NB","B",18.3559381216764,-64.6943501103669,,,,,,,,
"P2040422","RED",2026-02-05,"NB","B",18.3559381216764,-64.6943501103669,,,,,,,,
"P2040423","RED",2026-02-05,"NB","B",18.3559379540384,-64.694350194186,,,,,,,,
"P2040424","RED",2026-02-05,"NB","B",18.3559377864003,-64.694350278005,,,,,,,,
"P2040425","RED",2026-02-05,"NB","B",18.3559366129339,-64.6943505294621,,,,,,,,
"P2040426","RED",2026-02-05,"NB","B",18.3559363614768,-64.6943504456431,,,,,,,,
"P2040427","RED",2026-02-05,"NB","B",18.3559345174581,-64.6943501103669,,,,,,,,
"P2040428","RED",2026-02-05,"NB","B",18.3559340983629,-64.6943504456431,,,,,,,,
"P2040429","RED",2026-02-05,"NB","B",18.3559339307249,-64.6943508647382,,,,,,,,
"P2040430","RED",2026-02-05,"NB","B",18.3559339307249,-64.6943509485573,,,,,,,,
"P2040431","RED",2026-02-05,"NB","B",18.3559332601726,-64.6943518705666,,,,,,,,
"P2040432","RED",2026-02-05,"NB","B",18.3559337630868,-64.6943524572998,,,,,,,,
"P2040433","RED",2026-02-05,"NB","B",18.3559326734394,-64.6943532954901,,,,,,,,
"P2040434","RED",2026-02-05,"NB","B",18.3559303265065,-64.6943522058427,,,,,,,,
"P2040435","RED",2026-02-05,"NB","B",18.3559283986688,-64.6943479310721,,,,,,,,
"P2040436","RED",2026-02-05,"NB","B",18.3559285663068,-64.694344997406,,,,,,,,
"P2040437","RED",2026-02-05,"NB","B",18.3559205196798,-64.6943200193346,,,,,,,,
"P2040439","RED",2026-02-05,"NB","B",18.3558835554868,-64.6943065244704,,,,,,,,
"P2040440","RED",2026-02-05,"NB","B",18.3558838907629,-64.6943068597466,,,,,,,,
"P2040441","RED",2026-02-05,"NB","B",18.355884058401,-64.6943050157279,,,,,,,,
"P2040442","RED",2026-02-05,"NB","B",18.3558821305633,-64.6943048480898,,,,,,,,
"P2040443","RED",2026-02-05,"NB","B",18.3531889412552,-64.6936862636358,,,,,,,,
"P2040445","RED",2026-02-05,"NB","B",18.351864432916,-64.693681653589,,,,,,,,
"P2040446","RED",2026-02-05,"NB","B",18.3518290612847,-64.693665811792,,,,,,,,
"P2040447","RED",2026-02-05,"NB","B",18.3518029935658,-64.6936563402414,,,,,,,,
"P2040448","RED",2026-02-05,"NB","B",18.3483955822885,-64.6934877801687,,,,,,,,
"P2040449","RED",2026-02-05,"NB","B",18.34835736081,-64.6934797335416,,,,,,,,
"P2040450","RED",2026-02-05,"NB","B",18.3483306225389,-64.6934749558568,,,,,,,,
"P2040451","RED",2026-02-05,"NB","B",18.3481155429035,-64.693419970572,,,,,,,,
"P2040452","RED",2026-02-05,"NB","B",18.3480697777122,-64.6934004407376,,,,,,,,
"P2040453","RED",2026-02-05,"NB","B",18.3480354957283,-64.6933840960264,,,,,,,,
"P2040454","RED",2026-02-05,"NB","B",18.3480129484087,-64.6933718584478,,,,,,,,
"P2040455","RED",2026-02-05,"NB","B",18.3479674346745,-64.6933462936431,,,,,,,,
"P2040456","RED",2026-02-05,"NB","B",18.3479207474738,-64.6933250036091,,,,,,,,
"P2040457","RED",2026-02-05,"NB","B",18.3478979486972,-64.6933157835156,,,,,,,,
"P2040458","RED",2026-02-05,"NB","B",18.3475560508668,-64.6931935753673,,,,,,,,
"P2040459","RED",2026-02-05,"NB","B",18.3475218527019,-64.6931870374829,,,,,,,,
"P2040460","RED",2026-02-05,"NB","B",18.3474003989249,-64.6931440383196,,,,,,,,
"P2040461","RED",2026-02-05,"NB","B",18.3473564777523,-64.693124005571,,,,,,,,
"P2040462","RED",2026-02-05,"NB","B",18.3472627680749,-64.6930787432939,,,,,,,,
"P2040463","RED",2026-02-05,"NB","B",18.3471793681383,-64.6930320560932,,,,,,,,
"P2040464","RED",2026-02-05,"NB","B",18.3471225388348,-64.6929981093854,,,,,,,,
"P2040465","RED",2026-02-05,"NB","B",18.3470600098372,-64.692954942584,,,,,,,,
"P2040466","RED",2026-02-05,"NB","B",18.3470076229423,-64.6929224207997,,,,,,,,
"P2040467","RED",2026-02-05,"NB","B",18.3469733409584,-64.6929064113647,,,,,,,,
"P2040468","RED",2026-02-05,"NB","B",18.3469590079039,-64.6929022204131,,,,,,,,
"P2040469","RED",2026-02-05,"NB","B",18.346948530525,-64.6929010469466,,,,,,,,
"P2040470","RED",2026-02-05,"NB","B",18.3466517273337,-64.6927614882588,,,,,,,,
"P2040471","RED",2026-02-05,"NB","B",18.3464431017637,-64.6926348377019,,,,,,,,
"P2040472","RED",2026-02-05,"NB","B",18.3464039582759,-64.6926070936024,,,,,,,,
"P2040473","RED",2026-02-05,"NB","B",18.3459738828242,-64.6923864819109,,,,,,,,
"P2040474","RED",2026-02-05,"NB","B",18.3458882197738,-64.6923423092812,,,,,,,,
"P2040475","RED",2026-02-05,"NB","B",18.3457681909204,-64.6924159862101,,,,,,,,
"P2040476","RED",2026-02-05,"NB","B",18.3457691967487,-64.6924162376672,,,,,,,,
"P2040477","RED",2026-02-05,"NB","B",18.34576735273,-64.6924149803817,,,,,,,,
"P2040478","RED",2026-02-05,"NB","B",18.34576735273,-64.6924145612866,,,,,,,,
"P2040479","RED",2026-02-05,"NB","B",18.34576735273,-64.6924146451056,,,,,,,,
"P2040480","RED",2026-02-05,"NB","B",18.34576735273,-64.6924148965627,,,,,,,,
"P2040481","RED",2026-02-05,"NB","B",18.3457674365491,-64.6924153156579,,,,,,,,
"P2040482","RED",2026-02-05,"NB","B",18.3457675203681,-64.692415650934,,,,,,,,
"P2040483","RED",2026-02-05,"NB","B",18.3457676880062,-64.6924165729433,,,,,,,,
"P2040484","RED",2026-02-05,"NB","B",18.3457768242806,-64.692460745573,,,,,,,,
"P2040485","RED",2026-02-05,"NB","B",18.3457767404616,-64.6924609132111,,,,,,,,
"P2040486","RED",2026-02-05,"NB","B",18.3457767404616,-64.6924610808492,,,,,,,,
"P2040487","RED",2026-02-05,"NB","B",18.3457766566426,-64.6924612484872,,,,,,,,
"P2040488","RED",2026-02-05,"NB","B",18.3457766566426,-64.6924614161253,,,,,,,,
"P2040489","RED",2026-02-05,"NB","B",18.3457765728235,-64.6924616675824,,,,,,,,
"P2040490","RED",2026-02-05,"NB","B",18.3457763213664,-64.6924620028585,,,,,,,,
"P2040491","RED",2026-02-05,"NB","B",18.3457762375474,-64.6924620866776,,,,,,,,
"P2040492","RED",2026-02-05,"NB","B",18.3457762375474,-64.6924621704966,,,,,,,,
"P2040493","RED",2026-02-05,"NB","B",18.3457762375474,-64.6924622543156,,,,,,,,
"P2040494","RED",2026-02-05,"NB","B",18.3457762375474,-64.6924623381346,,,,,,,,
"P2040495","RED",2026-02-05,"NB","B",18.3457758184522,-64.6924625057727,,,,,,,,
"P2040496","RED",2026-02-05,"NB","B",18.3457756508142,-64.6924625895917,,,,,,,,
"P2040497","RED",2026-02-05,"NB","B",18.3457755669951,-64.6924627572298,,,,,,,,
"P2040498","RED",2026-02-05,"NB","B",18.3457743097097,-64.6924640983343,,,,,,,,
"P2040499","RED",2026-02-05,"NB","B",18.3457743097097,-64.6924641821533,,,,,,,,
"P2040500","RED",2026-02-05,"NB","B",18.3457741420716,-64.6924642659724,,,,,,,,
"P2040501","RED",2026-02-05,"NB","B",18.3457739744335,-64.6924643497914,,,,,,,,
"P2040502","RED",2026-02-05,"NB","B",18.3457736391574,-64.6924643497914,,,,,,,,
"P2040503","RED",2026-02-05,"NB","B",18.3457734715194,-64.6924643497914,,,,,,,,
"P2040504","RED",2026-02-05,"NB","B",18.3457731362432,-64.6924644336104,,,,,,,,
"P2040505","RED",2026-02-05,"NB","B",18.3457728847861,-64.6924646850675,,,,,,,,
"P2040506","RED",2026-02-05,"NB","B",18.3457721304148,-64.6924648527056,,,,,,,,
"P2040507","RED",2026-02-05,"NB","B",18.3457720465958,-64.6924649365246,,,,,,,,
"P2040508","RED",2026-02-05,"NB","B",18.3457718789577,-64.6924651041627,,,,,,,,
"P2040509","RED",2026-02-05,"NB","B",18.3457717951387,-64.6924652718008,,,,,,,,
"P2040510","RED",2026-02-05,"NB","B",18.3457711245865,-64.6924668643624,,,,,,,,
"P2040511","RED",2026-02-05,"NB","B",18.3457708731294,-64.692471139133,,,,,,,,
"P2040512","RED",2026-02-05,"NB","B",18.3457709569484,-64.692471306771,,,,,,,,
"P2040513","RED",2026-02-05,"NB","B",18.3457710407674,-64.6924716420472,,,,,,,,
"P2040514","RED",2026-02-05,"NB","B",18.3457696158439,-64.6924728155136,,,,,,,,
"P2040515","RED",2026-02-05,"NB","B",18.3457692805678,-64.6924730669707,,,,,,,,
"P2040516","RED",2026-02-05,"NB","B",18.3457690291107,-64.6924732346088,,,,,,,,
"P2040517","RED",2026-02-05,"NB","B",18.3457687776536,-64.6924734022468,,,,,,,,
"P2040518","RED",2026-02-05,"NB","B",18.3457685261965,-64.692473737523,,,,,,,,
"P2040519","RED",2026-02-05,"NB","B",18.3457682747394,-64.6924742404372,,,,,,,,
"P2040520","RED",2026-02-05,"NB","B",18.3457681909204,-64.6924744080752,,,,,,,,
"P2040521","RED",2026-02-05,"NB","B",18.3457681071013,-64.6924748271704,,,,,,,,
"P2040522","RED",2026-02-05,"NB","B",18.3457680232823,-64.6924748271704,,,,,,,,
"P2040523","RED",2026-02-05,"NB","B",18.3457677718252,-64.6924758329988,,,,,,,,
"P2040524","RED",2026-02-05,"NB","B",18.3457676880062,-64.6924759168178,,,,,,,,
"P2040525","RED",2026-02-05,"NB","B",18.3457675203681,-64.6924760844558,,,,,,,,
"P2040526","RED",2026-02-05,"NB","B",18.3457674365491,-64.6924763359129,,,,,,,,
"P2040527","RED",2026-02-05,"NB","B",18.3457676041871,-64.69247658737,,,,,,,,
"P2040528","RED",2026-02-05,"NB","B",18.34576735273,-64.6924763359129,,,,,,,,
"P2040529","RED",2026-02-05,"NB","B",18.3457669336349,-64.692476503551,,,,,,,,
"P2040530","RED",2026-02-05,"NB","B",18.345767268911,-64.6924768388271,,,,,,,,
"P2040531","RED",2026-02-05,"NB","B",18.3457680232823,-64.6924774255604,,,,,,,,
"P2040532","RED",2026-02-05,"NB","B",18.3457681071013,-64.6924775093794,,,,,,,,
"P2040533","RED",2026-02-05,"NB","B",18.3457683585584,-64.6924774255604,,,,,,,,
"P2040534","RED",2026-02-05,"NB","B",18.3457689452916,-64.6924770902842,,,,,,,,
"P2040535","RED",2026-02-05,"NB","B",18.3457691967487,-64.6924768388271,,,,,,,,
"P2040536","RED",2026-02-05,"NB","B",18.3457693643868,-64.692476503551,,,,,,,,
"P2040537","RED",2026-02-05,"NB","B",18.3457696158439,-64.6924758329988,,,,,,,,
"P2040538","RED",2026-02-05,"NB","B",18.3457702863961,-64.6924754139036,,,,,,,,
"P2040539","RED",2026-02-05,"NB","B",18.3457702863961,-64.6924752462655,,,,,,,,
"P2040540","RED",2026-02-05,"NB","B",18.3457702863961,-64.6924751624465,,,,,,,,
"P2040541","RED",2026-02-05,"NB","B",18.3457783330232,-64.6924677025527,,,,,,,,
"P2040542","RED",2026-02-05,"NB","B",18.3457786682993,-64.6924681216478,,,,,,,,
"P2040543","RED",2026-02-05,"NB","B",18.3457790035754,-64.692468540743,,,,,,,,
"P2040544","RED",2026-02-05,"NB","B",18.34578034468,-64.6924677863717,,,,,,,,
"P2040545","RED",2026-02-05,"NB","B",18.34578034468,-64.6924674510956,,,,,,,,
"P2040546","RED",2026-02-05,"NB","B",18.3457810990512,-64.6924666129053,,,,,,,,
"P2040547","RED",2026-02-05,"NB","B",18.3457810990512,-64.6924665290862,,,,,,,,
"P2040548","RED",2026-02-05,"NB","B",18.3457809314132,-64.6924665290862,,,,,,,,
"P2040549","RED",2026-02-05,"NB","B",18.3457799255848,-64.6924669481814,,,,,,,,
"P2040550","RED",2026-02-05,"NB","B",18.3457799255848,-64.6924669481814,,,,,,,,
"P2040551","RED",2026-02-05,"NB","B",18.3457800094038,-64.6924669481814,,,,,,,,
"P2040552","RED",2026-02-05,"NB","B",18.345780428499,-64.6924671996385,,,,,,,,
"P2040553","RED",2026-02-05,"NB","B",18.3457802608609,-64.6924671158195,,,,,,,,
"P2040554","RED",2026-02-05,"NB","B",18.345748744905,-64.6924080234021,,,,,,,,
"P2040555","RED",2026-02-05,"NB","B",18.3457366749644,-64.6924071013927,,,,,,,,
"P2040556","RED",2026-02-05,"NB","B",18.3457376807928,-64.6924053411931,,,,,,,,
"P2040557","RED",2026-02-05,"NB","B",18.345735501498,-64.6924059279263,,,,,,,,
"P2040558","RED",2026-02-05,"NB","B",18.3457230124623,-64.6924086939543,,,,,,,,
"P2040559","RED",2026-02-05,"NB","B",18.3457113616168,-64.6924041677266,,,,,,,,
"P2040560","RED",2026-02-05,"NB","B",18.3457097690552,-64.692405257374,,,,,,,,
"P2040561","RED",2026-02-05,"NB","B",18.3457103557885,-64.6924061793834,,,,,,,,
"P2040562","RED",2026-02-05,"NB","B",18.3457069192082,-64.6924072690308,,,,,,,,
"P2040563","RED",2026-02-05,"NB","B",18.3457050751895,-64.6924107894301,,,,,,,,
"P2040564","RED",2026-02-05,"NB","B",18.3456214237958,-64.6925064269453,,,,,,,,
"P2040565","RED",2026-02-05,"NB","B",18.3456173166633,-64.6925020683557,,,,,,,,
"P2040566","RED",2026-02-05,"NB","B",18.3455984573811,-64.6925096120685,,,,,,,,
"P2040567","RED",2026-02-05,"NB","B",18.3455541171134,-64.6925165690482,,,,,,,,
"P2040568","RED",2026-02-05,"NB","B",18.3455536980182,-64.6925168205053,,,,,,,,
"P2040569","RED",2026-02-05,"NB","B",18.3455512672663,-64.6925179101527,,,,,,,,
"P2040570","RED",2026-02-05,"NB","B",18.345547830686,-64.6925197541714,,,,,,,,
"P2040571","RED",2026-02-05,"NB","B",18.3455301448703,-64.6925270464271,,,,,,,,
"P2040572","RED",2026-02-05,"NB","B",18.3455272112042,-64.6925298124552,,,,,,,,
"P2040573","RED",2026-02-05,"NB","B",18.3455257862806,-64.6925392001867,,,,,,,,
"P2040574","RED",2026-02-05,"NB","B",18.3455250319093,-64.692537272349,,,,,,,,
"P2040575","RED",2026-02-05,"NB","B",18.3455234393477,-64.6925356797874,,,,,,,,
"P2040576","RED",2026-02-05,"NB","B",18.345521595329,-64.6925350092351,,,,,,,,
"P2040577","RED",2026-02-05,"NB","B",18.345516063273,-64.6925380267203,,,,,,,,
"P2040578","RED",2026-02-05,"NB","B",18.3455148898065,-64.6925394516438,,,,,,,,
"P2040579","RED",2026-02-05,"NB","B",18.3455148059875,-64.6925392840058,,,,,,,,
"P2040580","RED",2026-02-05,"NB","B",18.3455158956349,-64.6925459895283,,,,,,,,
"P2040581","RED",2026-02-05,"NB","B",18.3455023169518,-64.6925475820899,,,,,,,,
"P2040582","RED",2026-02-05,"NB","B",18.3454868942499,-64.6925507672131,,,,,,,,
"P2040583","RED",2026-02-05,"NB","B",18.345476584509,-64.6925552096218,,,,,,,,
"P2040584","RED",2026-02-05,"NB","B",18.3454751595855,-64.6925564669073,,,,,,,,
"P2040585","RED",2026-02-05,"NB","B",18.3454752434045,-64.6925559639931,,,,,,,,
"P2040586","RED",2026-02-05,"NB","B",18.3454561326653,-64.6925619151443,,,,,,,,
"P2040587","RED",2026-02-05,"NB","B",18.3454537019134,-64.6925750747323,,,,,,,,
"P2040588","RED",2026-02-05,"NB","B",18.3454547915608,-64.6925785951316,,,,,,,,
"P2040589","RED",2026-02-05,"NB","B",18.3454562164843,-64.6925793495029,,,,,,,,
"P2040590","RED",2026-02-05,"NB","B",18.3454573899508,-64.69257960096,,,,,,,,
"P2040591","RED",2026-02-05,"NB","B",18.3454597368836,-64.692579517141,,,,,,,,
"P2040592","RED",2026-02-05,"NB","B",18.3454597368836,-64.6925791818649,,,,,,,,
"P2040593","RED",2026-02-05,"NB","B",18.3454557135701,-64.6925758291036,,,,,,,,
"P2040594","RED",2026-02-05,"NB","B",18.3454496785998,-64.6925710514188,,,,,,,,
"P2040595","RED",2026-02-05,"NB","B",18.345447583124,-64.6925680339336,,,,,,,,
"P2040596","RED",2026-02-05,"NB","B",18.345444733277,-64.6925614122301,,,,,,,,
"P2040597","RED",2026-02-05,"NB","B",18.3454402908683,-64.6925560478121,,,,,,,,
"P2040598","RED",2026-02-05,"NB","B",18.3454354293644,-64.6925585623831,,,,,,,,
"P2040599","RED",2026-02-05,"NB","B",18.3454267960042,-64.6925749070942,,,,,,,,
"P2040600","RED",2026-02-05,"NB","B",18.3454250358045,-64.6925752423704,,,,,,,,
"P2040601","RED",2026-02-05,"NB","B",18.3454196713865,-64.6925793495029,,,,,,,,
"P2040602","RED",2026-02-05,"NB","B",18.3454188331962,-64.6925801038742,,,,,,,,
"P2040603","RED",2026-02-05,"NB","B",18.3454182464629,-64.6925819478929,,,,,,,,
"P2040604","RED",2026-02-05,"NB","B",18.3454172406346,-64.6925830375403,,,,,,,,
"P2040605","RED",2026-02-05,"NB","B",18.3454147260636,-64.6925868932158,,,,,,,,
"P2040606","RED",2026-02-05,"NB","B",18.3454123791307,-64.6925841271877,,,,,,,,
"P2040607","RED",2026-02-05,"NB","B",18.345410367474,-64.6925859712064,,,,,,,,
"P2040608","RED",2026-02-05,"NB","B",18.3454098645598,-64.6925857197493,,,,,,,,
"P2040609","RED",2026-02-05,"NB","B",18.345399973914,-64.6925808582455,,,,,,,,
"P2040610","RED",2026-02-05,"NB","B",18.3454036619514,-64.69257440418,,,,,,,,
"P2040611","RED",2026-02-05,"NB","B",18.3454037457705,-64.6925763320178,,,,,,,,
"P2040612","RED",2026-02-05,"NB","B",18.3454009797424,-64.6925734821707,,,,,,,,
"P2040613","RED",2026-02-05,"NB","B",18.3454032428563,-64.6925721410662,,,,,,,,
"P2040614","RED",2026-02-05,"NB","B",18.3454021532089,-64.6925726439804,,,,,,,,
"P2040615","RED",2026-02-05,"NB","B",18.3454020693898,-64.6925728116184,,,,,,,,
"P2040616","RED",2026-02-05,"NB","B",18.3454020693898,-64.6925729792565,,,,,,,,
"P2040617","RED",2026-02-05,"NB","B",18.3453432284296,-64.6925403736532,,,,,,,,
"P2040618","RED",2026-02-05,"NB","B",18.3453432284296,-64.6925413794816,,,,,,,,
"P2040619","RED",2026-02-05,"NB","B",18.3453433960676,-64.6925423853099,,,,,,,,
"P2040620","RED",2026-02-05,"NB","B",18.345347167924,-64.6925437264144,,,,,,,,
"P2040621","RED",2026-02-05,"NB","B",18.3453478384763,-64.6925438102335,,,,,,,,
"P2040622","RED",2026-02-05,"NB","B",18.3453483413905,-64.6925449836999,,,,,,,,
"P2040623","RED",2026-02-05,"NB","B",18.3453473355621,-64.6925467438996,,,,,,,,
"P2040624","RED",2026-02-05,"NB","B",18.345346916467,-64.6925473306328,,,,,,,,
"P2040625","RED",2026-02-05,"NB","B",18.345347084105,-64.6925475820899,,,,,,,,
"P2040626","RED",2026-02-05,"NB","B",18.3453482575715,-64.6925480011851,,,,,,,,
"P2040627","RED",2026-02-05,"NB","B",18.3453490957618,-64.6925475820899,,,,,,,,
"P2040628","RED",2026-02-05,"NB","B",18.345349682495,-64.6925475820899,,,,,,,,
"P2040629","RED",2026-02-05,"NB","B",18.3453534543514,-64.6925485040992,,,,,,,,
"P2040630","RED",2026-02-05,"NB","B",18.3453526999801,-64.6925498452038,,,,,,,,
"P2040631","RED",2026-02-05,"NB","B",18.3453515265137,-64.692547917366,,,,,,,,
"P2040632","RED",2026-02-05,"NB","B",18.3453494310379,-64.6925507672131,,,,,,,,
"P2040633","RED",2026-02-05,"NB","B",18.3453513588756,-64.6925552096218,,,,,,,,
"P2040634","RED",2026-02-05,"NB","B",18.3453583996743,-64.6925392001867,,,,,,,,
"P2040635","RED",2026-02-05,"NB","B",18.3453582320362,-64.6925357636064,,,,,,,,
"P2040636","RED",2026-02-05,"NB","B",18.3453581482172,-64.6925322432071,,,,,,,,
"P2040637","RED",2026-02-05,"NB","B",18.345357561484,-64.6925307344645,,,,,,,,
"P2040638","RED",2026-02-05,"NB","B",18.345357645303,-64.6925302315503,,,,,,,,
"P2040639","RED",2026-02-05,"NB","B",18.3453579805791,-64.6925307344645,,,,,,,,
"P2040640","RED",2026-02-05,"NB","B",18.3453589025885,-64.6925313211977,,,,,,,,
"P2040641","RED",2026-02-05,"NB","B",18.3453586511314,-64.69253199175,,,,,,,,
"P2040642","RED",2026-02-05,"NB","B",18.3453590702266,-64.6925314050168,,,,,,,,
"P2040643","RED",2026-02-05,"NB","B",18.345360327512,-64.692529309541,,,,,,,,
"P2040644","RED",2026-02-05,"NB","B",18.3453604951501,-64.6925284713507,,,,,,,,
"P2040645","RED",2026-02-05,"NB","B",18.3453578967601,-64.6925269626081,,,,,,,,
"P2040646","RED",2026-02-05,"NB","B",18.3453573100269,-64.6925258729607,,,,,,,,
"P2040647","RED",2026-02-05,"NB","B",18.3453565556556,-64.6925248671323,,,,,,,,
"P2040648","RED",2026-02-05,"NB","B",18.3453527837992,-64.6925166528672,,,,,,,,
"P2040649","RED",2026-02-05,"NB","B",18.3453511074185,-64.6925175748765,,,,,,,,
"P2040650","RED",2026-02-05,"NB","B",18.3453507721424,-64.6925177425146,,,,,,,,
"P2040651","RED",2026-02-05,"NB","B",18.3453518617898,-64.6925173234195,,,,,,,,
"P2040652","RED",2026-02-05,"NB","B",18.3453521970659,-64.6925173234195,,,,,,,,
"P2040653","RED",2026-02-05,"NB","B",18.3453521970659,-64.6925171557814,,,,,,,,
"P2040654","RED",2026-02-05,"NB","B",18.3453521132469,-64.6925172396004,,,,,,,,
"P2040655","RED",2026-02-05,"NB","B",18.3453507721424,-64.6925179101527,,,,,,,,
"P2040656","RED",2026-02-05,"NB","B",18.3453504368663,-64.692518832162,,,,,,,,
"P2040657","RED",2026-02-05,"NB","B",18.3453511912376,-64.692518748343,,,,,,,,
"P2040658","RED",2026-02-05,"NB","B",18.345349682495,-64.6925180777907,,,,,,,,
"P2040659","RED",2026-02-05,"NB","B",18.345346916467,-64.6925180777907,,,,,,,,
"P2040660","RED",2026-02-05,"NB","B",18.3453436475247,-64.6925201732665,,,,,,,,
"P2040661","RED",2026-02-05,"NB","B",18.3453350141644,-64.6925143059343,,,,,,,,
"P2040662","RED",2026-02-05,"NB","B",18.3453350141644,-64.692513551563,,,,,,,,
"P2040663","RED",2026-02-05,"NB","B",18.3453348465264,-64.6925137192011,,,,,,,,
"P2040664","RED",2026-02-05,"NB","B",18.3453348465264,-64.6925144735724,,,,,,,,
"P2040665","RED",2026-02-05,"NB","B",18.3453340083361,-64.6925145573914,,,,,,,,
"P2040666","RED",2026-02-05,"NB","B",18.3453335892409,-64.6925145573914,,,,,,,,
"P2040667","RED",2026-02-05,"NB","B",18.3453330863267,-64.6925145573914,,,,,,,,
"P2040668","RED",2026-02-05,"NB","B",18.3453356008977,-64.6925149764866,,,,,,,,
"P2040669","RED",2026-02-05,"NB","B",18.3453355170786,-64.6925145573914,,,,,,,,
"P2040670","RED",2026-02-05,"NB","B",18.3453342597932,-64.692513467744,,,,,,,,
"P2040671","RED",2026-02-05,"NB","B",18.3453342597932,-64.6925132162869,,,,,,,,
"P2040672","RED",2026-02-05,"NB","B",18.3453345950693,-64.6925127133727,,,,,,,,
"P2040673","RED",2026-02-05,"NB","B",18.3453347627074,-64.6925110369921,,,,,,,,
"P2040674","RED",2026-02-05,"NB","B",18.3453431446105,-64.6925093606114,,,,,,,,
"P2040675","RED",2026-02-05,"NB","B",18.3453506883234,-64.6925074327737,,,,,,,,
"P2040676","RED",2026-02-05,"NB","B",18.3453478384763,-64.6925098635256,,,,,,,,
"P2040677","RED",2026-02-05,"NB","B",18.3453428931534,-64.6925054211169,,,,,,,,
"P2040678","RED",2026-02-05,"NB","B",18.3453413005918,-64.6925039123744,,,,,,,,
"P2040679","RED",2026-02-05,"NB","B",18.345341719687,-64.6925053372979,,,,,,,,
"P2040680","RED",2026-02-05,"NB","B",18.3453362714499,-64.6925031580031,,,,,,,,
"P2040681","RED",2026-02-05,"NB","B",18.3453354332596,-64.692500140518,,,,,,,,
"P2040682","RED",2026-02-05,"NB","B",18.3453301526606,-64.6924984641373,,,,,,,,
"P2040683","RED",2026-02-05,"NB","B",18.3453309070319,-64.692500308156,,,,,,,,
"P2040684","RED",2026-02-05,"NB","B",18.3453329186887,-64.6925052534789,,,,,,,,
"P2040685","RED",2026-02-05,"NB","B",18.3453438151628,-64.6924907527864,,,,,,,,
"P2040686","RED",2026-02-05,"NB","B",18.345344401896,-64.6924713905901,,,,,,,,
"P2040687","RED",2026-02-05,"NB","B",18.345347167924,-64.6924784313887,,,,,,,,
"P2040688","RED",2026-02-05,"NB","B",18.3453476708382,-64.6924787666649,,,,,,,,
"P2040689","RED",2026-02-05,"NB","B",18.3453404624015,-64.6924806945026,,,,,,,,
"P2040690","RED",2026-02-05,"NB","B",18.345339121297,-64.6924805268645,,,,,,,,
"P2040691","RED",2026-02-05,"NB","B",18.3453378640115,-64.6924806106836,,,,,,,,
"P2040692","RED",2026-02-05,"NB","B",18.3453375287354,-64.6924805268645,,,,,,,,
"P2040693","RED",2026-02-05,"NB","B",18.3453368581831,-64.6924803592265,,,,,,,,
"P2040694","RED",2026-02-05,"NB","B",18.3453366905451,-64.6924802754074,,,,,,,,
"P2040695","RED",2026-02-05,"NB","B",18.3453366905451,-64.6924802754074,,,,,,,,
"P2040696","RED",2026-02-05,"NB","B",18.3453366905451,-64.6924802754074,,,,,,,,
"P2040697","RED",2026-02-05,"NB","B",18.3453367743641,-64.6924801915884,,,,,,,,
"P2040698","RED",2026-02-05,"NB","B",18.3453372772783,-64.6924800239503,,,,,,,,
"P2040699","RED",2026-02-05,"NB","B",18.3453369420022,-64.6924802754074,,,,,,,,
"P2040700","RED",2026-02-05,"NB","B",18.3453373610973,-64.6924804430455,,,,,,,,
"P2040701","RED",2026-02-05,"NB","B",18.3453378640115,-64.6924804430455,,,,,,,,
"P2040702","RED",2026-02-05,"NB","B",18.3453376963735,-64.6924806945026,,,,,,,,
"P2040703","RED",2026-02-05,"NB","B",18.3453376963735,-64.6924807783216,,,,,,,,
"P2040704","RED",2026-02-05,"NB","B",18.3453375287354,-64.6924811135978,,,,,,,,
"P2040705","RED",2026-02-05,"NB","B",18.3453376963735,-64.6924808621407,,,,,,,,
"P2040706","RED",2026-02-05,"NB","B",18.3453387022018,-64.6924812812358,,,,,,,,
"P2040707","RED",2026-02-05,"NB","B",18.345339205116,-64.6924809459597,,,,,,,,
"P2040708","RED",2026-02-05,"NB","B",18.3453399594873,-64.6924806945026,,,,,,,,
"P2040709","RED",2026-02-05,"NB","B",18.3453397080302,-64.6924808621407,,,,,,,,
"P2040710","RED",2026-02-05,"NB","B",18.3453402947634,-64.6924806106836,,,,,,,,
"P2040711","RED",2026-02-05,"NB","B",18.3453423902392,-64.6924794372171,,,,,,,,
"P2040712","RED",2026-02-05,"NB","B",18.3453427255154,-64.69247918576,,,,,,,,
"P2040713","RED",2026-02-05,"NB","B",18.3453431446105,-64.692479018122,,,,,,,,
"P2040714","RED",2026-02-05,"NB","B",18.345344401896,-64.6924783475697,,,,,,,,
"P2040715","RED",2026-02-05,"NB","B",18.345344485715,-64.6924782637507,,,,,,,,
"P2040716","RED",2026-02-05,"NB","B",18.345344318077,-64.6924781799316,,,,,,,,
"P2040717","RED",2026-02-05,"NB","B",18.3453439828008,-64.6924789343029,,,,,,,,
"P2040718","RED",2026-02-05,"NB","B",18.3453442342579,-64.6924785152078,,,,,,,,
"P2040719","RED",2026-02-05,"NB","B",18.3453438989818,-64.6924786828458,,,,,,,,
"P2040720","RED",2026-02-05,"NB","B",18.3453437313437,-64.6924785152078,,,,,,,,
"P2040721","RED",2026-02-05,"NB","B",18.3453436475247,-64.6924784313887,,,,,,,,
"P2040722","RED",2026-02-05,"NB","B",18.3453430607915,-64.6924792695791,,,,,,,,
"P2040723","RED",2026-02-05,"NB","B",18.3453424740583,-64.6924785990268,,,,,,,,
"P2040724","RED",2026-02-05,"NB","B",18.3453436475247,-64.6924782637507,,,,,,,,
"P2040725","RED",2026-02-05,"NB","B",18.3453438151628,-64.6924781799316,,,,,,,,
"P2040726","RED",2026-02-05,"NB","B",18.3453438989818,-64.6924780961126,,,,,,,,
"P2040727","RED",2026-02-05,"NB","B",18.3453561365604,-64.6924820356071,,,,,,,,
"P2040728","RED",2026-02-05,"NB","B",18.3453578967601,-64.6924814488739,,,,,,,,
"P2040729","RED",2026-02-05,"NB","B",18.3453585673124,-64.6924811974168,,,,,,,,
"P2040730","RED",2026-02-05,"NB","B",18.345357645303,-64.6924805268645,,,,,,,,
"P2040731","RED",2026-02-05,"NB","B",18.3453490119427,-64.6924726478755,,,,,,,,
"P2040732","RED",2026-02-05,"NB","B",18.3453500177711,-64.6924715582281,,,,,,,,
"P2040733","RED",2026-02-05,"NB","B",18.3453500177711,-64.6924719773233,,,,,,,,
"P2040734","RED",2026-02-05,"NB","B",18.3453502692282,-64.6924695465714,,,,,,,,
"P2040735","RED",2026-02-05,"NB","B",18.3453501854092,-64.6924676187336,,,,,,,,
"P2040736","RED",2026-02-05,"NB","B",18.3453493472189,-64.6924672834575,,,,,,,,
"P2040737","RED",2026-02-05,"NB","B",18.3453500177711,-64.6924620028585,,,,,,,,
"P2040738","RED",2026-02-05,"NB","B",18.3453521132469,-64.692460745573,,,,,,,,
"P2040739","RED",2026-02-05,"NB","B",18.3453537058085,-64.6924546267837,,,,,,,,
"P2040740","RED",2026-02-05,"NB","B",18.345357561484,-64.6924516931176,,,,,,,,
"P2040741","RED",2026-02-05,"NB","B",18.345357561484,-64.6924519445747,,,,,,,,
"P2040742","RED",2026-02-05,"NB","B",18.3453599922359,-64.6924524474889,,,,,,,,
"P2040743","RED",2026-02-05,"NB","B",18.3453599084169,-64.6924538724124,,,,,,,,
"P2040744","RED",2026-02-05,"NB","B",18.3453587349504,-64.6924543753266,,,,,,,,
"P2040745","RED",2026-02-05,"NB","B",18.3453584834933,-64.692455213517,,,,,,,,
"P2040746","RED",2026-02-05,"NB","B",18.3453591540456,-64.6924544591457,,,,,,,,
"P2040747","RED",2026-02-05,"NB","B",18.3453600760549,-64.6924624219537,,,,,,,,
"P2040748","RED",2026-02-05,"NB","B",18.3453555498272,-64.692463260144,,,,,,,,
"P2040749","RED",2026-02-05,"NB","B",18.3453589025885,-64.692457895726,,,,,,,,
"P2040750","RED",2026-02-05,"NB","B",18.3453622553498,-64.6924515254796,,,,,,,,
"P2040751","RED",2026-02-05,"NB","B",18.3453632611781,-64.6924522798508,,,,,,,,
"P2040752","RED",2026-02-05,"NB","B",18.3453626744449,-64.6924509387463,,,,,,,,
"P2040753","RED",2026-02-05,"NB","B",18.3453617524356,-64.6924522798508,,,,,,,,
"P2040754","RED",2026-02-05,"NB","B",18.3453615009785,-64.6924517769367,,,,,,,,
"P2040755","RED",2026-02-05,"NB","B",18.3453573938459,-64.6924469154328,,,,,,,,
"P2040756","RED",2026-02-05,"NB","B",18.3453558851033,-64.6924456581473,,,,,,,,
"P2040757","RED",2026-02-05,"NB","B",18.3453558851033,-64.6924455743283,,,,,,,,
"P2040758","RED",2026-02-05,"NB","B",18.3453594893217,-64.692444819957,,,,,,,,
"P2040759","RED",2026-02-05,"NB","B",18.3454246167094,-64.6919046901166,,,,,,,,
"P2040760","RED",2026-02-05,"NB","B",18.3454242814332,-64.6919027622789,,,,,,,,
"P2040761","RED",2026-02-05,"NB","B",18.345426460728,-64.6918470226228,,,,,,,,
"P2040762","RED",2026-02-05,"NB","B",18.345426209271,-64.6918472740799,,,,,,,,
"P2040763","RED",2026-02-05,"NB","B",18.345426376909,-64.6918470226228,,,,,,,,
"P2040764","RED",2026-02-05,"NB","B",18.3454260416329,-64.6918466035277,,,,,,,,
"P2040765","RED",2026-02-05,"NB","B",18.3454258739948,-64.6918464358896,,,,,,,,
"P2040766","RED",2026-02-05,"NB","B",18.3454257901758,-64.6918464358896,,,,,,,,
"P2040767","RED",2026-02-05,"NB","B",18.3454253710806,-64.6918462682515,,,,,,,,
"P2040768","RED",2026-02-05,"NB","B",18.3454253710806,-64.6918462682515,,,,,,,,
"P2040769","RED",2026-02-05,"NB","B",18.3454260416329,-64.6918463520706,,,,,,,,
"P2040770","RED",2026-02-05,"NB","B",18.3454265445471,-64.6918455976993,,,,,,,,
"P2040771","RED",2026-02-05,"NB","B",18.345426209271,-64.691844759509,,,,,,,,
"P2040772","RED",2026-02-05,"NB","B",18.3454253710806,-64.6918439213187,,,,,,,,
"P2040773","RED",2026-02-05,"NB","B",18.3454252034426,-64.6918439213187,,,,,,,,
"P2040774","RED",2026-02-05,"NB","B",18.3454246167094,-64.6918429154903,,,,,,,,
"P2040775","RED",2026-02-05,"NB","B",18.3454245328903,-64.6918424125761,,,,,,,,
"P2040776","RED",2026-02-05,"NB","B",18.3454230241477,-64.6918372157961,,,,,,,,
"P2040777","RED",2026-02-05,"NB","B",18.3454234432429,-64.69183688052,,,,,,,,
"P2040778","RED",2026-02-05,"NB","B",18.3454240299761,-64.6918353717774,,,,,,,,
"P2040779","RED",2026-02-05,"NB","B",18.3454241137952,-64.6918336115777,,,,,,,,
"P2040780","RED",2026-02-05,"NB","B",18.3454234432429,-64.6918319351971,,,,,,,,
"P2040781","RED",2026-02-05,"NB","B",18.345423610881,-64.6918310131878,,,,,,,,
"P2040782","RED",2026-02-05,"NB","B",18.3454241976142,-64.6918301749974,,,,,,,,
"P2040783","RED",2026-02-05,"NB","B",18.3454236947,-64.6918297559023,,,,,,,,
"P2040784","RED",2026-02-05,"NB","B",18.3454238623381,-64.6918296720833,,,,,,,,
"P2040785","RED",2026-02-05,"NB","B",18.3454229403287,-64.69182908535,,,,,,,,
"P2040786","RED",2026-02-05,"NB","B",18.3454228565097,-64.691829001531,,,,,,,,
"P2040787","RED",2026-02-05,"NB","B",18.3454231917858,-64.6918276604265,,,,,,,,
"P2040788","RED",2026-02-05,"NB","B",18.3454228565097,-64.6918277442455,,,,,,,,
"P2040789","RED",2026-02-05,"NB","B",18.3454229403287,-64.6918278280646,,,,,,,,
"P2040790","RED",2026-02-05,"NB","B",18.3454243652523,-64.6918284986168,,,,,,,,
"P2040791","RED",2026-02-05,"NB","B",18.345426209271,-64.6918287500739,,,,,,,,
"P2040792","RED",2026-02-05,"NB","B",18.345426460728,-64.691828917712,,,,,,,,
"P2040793","RED",2026-02-05,"NB","B",18.3454286400229,-64.6918276604265,,,,,,,,
"P2040794","RED",2026-02-05,"NB","B",18.3454283047467,-64.6918252296746,,,,,,,,
"P2040795","RED",2026-02-05,"NB","B",18.3454275503755,-64.6918233856559,,,,,,,,
"P2040796","RED",2026-02-05,"NB","B",18.3454267960042,-64.6918233018368,,,,,,,,
"P2040797","RED",2026-02-05,"NB","B",18.3454249519855,-64.6918272413313,,,,,,,,
"P2040798","RED",2026-02-05,"NB","B",18.3454280532897,-64.6918215416372,,,,,,,,
"P2040799","RED",2026-02-05,"NB","B",18.3454329986125,-64.6918009221554,,,,,,,,
"P2040800","RED",2026-02-05,"NB","B",18.3454267960042,-64.6917914506048,,,,,,,,
"P2040801","RED",2026-02-05,"NB","B",18.3454238623381,-64.6917969826609,,,,,,,,
"P2040802","RED",2026-02-05,"NB","B",18.3454215154052,-64.6917982399464,,,,,,,,
"P2040803","RED",2026-02-05,"NB","B",18.3454228565097,-64.6917978208512,,,,,,,,
"P2040804","RED",2026-02-05,"NB","B",18.3454227726907,-64.6917969826609,,,,,,,,
"P2040805","RED",2026-02-05,"NB","B",18.3454231079668,-64.6917963959277,,,,,,,,
"P2040806","RED",2026-02-05,"NB","B",18.3454231079668,-64.6917960606515,,,,,,,,
"P2040807","RED",2026-02-05,"NB","B",18.3454213477671,-64.6917922887951,,,,,,,,
"P2040808","RED",2026-02-05,"NB","B",18.3454148937017,-64.6917827334255,,,,,,,,
"P2040809","RED",2026-02-05,"NB","B",18.3454169891775,-64.6917809732258,,,,,,,,
"P2040810","RED",2026-02-05,"NB","B",18.3454190008342,-64.69177887775,,,,,,,,
"P2040812","RED",2026-02-05,"NB","B",18.3454217668623,-64.6917677298188,,,,,,,,
"P2040813","RED",2026-02-05,"NB","B",18.3454198390245,-64.6917595993727,,,,,,,,
"P2040814","RED",2026-02-05,"NB","B",18.3454197552055,-64.6917580906302,,,,,,,,
"P2040815","RED",2026-02-05,"NB","B",18.3454202581197,-64.6917569171637,,,,,,,,
"P2040816","RED",2026-02-05,"NB","B",18.3454212639481,-64.6917519718409,,,,,,,,
"P2040817","RED",2026-02-05,"NB","B",18.3454275503755,-64.691747110337,,,,,,,,
"P2040818","RED",2026-02-05,"NB","B",18.3454260416329,-64.691725987941,,,,,,,,
"P2040822","RED",2026-02-05,"NB","B",18.3454060088843,-64.6917056199163,,,,,,,,
"P2040823","RED",2026-02-05,"NB","B",18.3454081043601,-64.691704697907,,,,,,,,
"P2040824","RED",2026-02-05,"NB","B",18.3454063441604,-64.6917058713734,,,,,,,,
"P2040825","RED",2026-02-05,"NB","B",18.345407852903,-64.6917036920786,,,,,,,,
"P2040826","RED",2026-02-05,"NB","B",18.3454073499888,-64.6917040273547,,,,,,,,
"P2040827","RED",2026-02-05,"NB","B",18.3454080205411,-64.6917036920786,,,,,,,,
"P2040828","RED",2026-02-05,"NB","B",18.345407769084,-64.6917007584125,,,,,,,,
"P2040829","RED",2026-02-05,"NB","B",18.3454080205411,-64.6917005907744,,,,,,,,
"P2040830","RED",2026-02-05,"NB","B",18.345407852903,-64.6917007584125,,,,,,,,
"P2040831","RED",2026-02-05,"NB","B",18.3454071823508,-64.6917017642409,,,,,,,,
"P2040832","RED",2026-02-05,"NB","B",18.3454101160169,-64.6917015127838,,,,,,,,
"P2040833","RED",2026-02-05,"NB","B",18.3454112056643,-64.6917026024312,,,,,,,,
"P2040834","RED",2026-02-05,"NB","B",18.3454115409404,-64.6917031891644,,,,,,,,
"P2040835","RED",2026-02-05,"NB","B",18.3454112894833,-64.6917040273547,,,,,,,,
"P2040836","RED",2026-02-05,"NB","B",18.3454120438546,-64.6917007584125,,,,,,,,
"P2040837","RED",2026-02-05,"NB","B",18.3454179111868,-64.6917025186121,,,,,,,,
"P2040838","RED",2026-02-05,"NB","B",18.3454197552055,-64.6917022671551,,,,,,,,
"P2040839","RED",2026-02-05,"NB","B",18.3454188331962,-64.6917005907744,,,,,,,,
"P2040840","RED",2026-02-05,"NB","B",18.3454164862633,-64.6916896943003,,,,,,,,
"P2040841","RED",2026-02-05,"NB","B",18.3454329147935,-64.6916876826435,,,,,,,,
"P2040842","RED",2026-02-05,"NB","B",18.3454336691648,-64.6916852518916,,,,,,,,
"P2040843","RED",2026-02-05,"NB","B",18.3454277180135,-64.6916901972145,,,,,,,,
"P2040844","RED",2026-02-05,"NB","B",18.3454276341945,-64.6916900295764,,,,,,,,
"P2040845","RED",2026-02-05,"NB","B",18.34542629309,-64.6916898619384,,,,,,,,
"P2040846","RED",2026-02-05,"NB","B",18.3454248681664,-64.6916898619384,,,,,,,,
"P2040847","RED",2026-02-05,"NB","B",18.3454261254519,-64.6916892752051,,,,,,,,
"P2040848","RED",2026-02-05,"NB","B",18.3454344235361,-64.6916881855577,,,,,,,,
"P2040849","RED",2026-02-05,"NB","B",18.345436770469,-64.691686173901,,,,,,,,
"P2040850","RED",2026-02-05,"NB","B",18.3454266283661,-64.6916850004345,,,,,,,,
"P2040851","RED",2026-02-05,"NB","B",18.3454259578139,-64.6916850004345,,,,,,,,
"P2040852","RED",2026-02-05,"NB","B",18.3454250358045,-64.6916850004345,,,,,,,,
"P2040853","RED",2026-02-05,"NB","B",18.3454149775207,-64.6916839946061,,,,,,,,
"P2040854","RED",2026-02-05,"NB","B",18.345397207886,-64.6916777919978,,,,,,,,
"P2040855","RED",2026-02-05,"NB","B",18.345397375524,-64.6916775405407,,,,,,,,
"P2040857","RED",2026-02-05,"NB","B",18.3453927654773,-64.6916725113988,,,,,,,,
"P2040858","RED",2026-02-05,"NB","B",18.3453927654773,-64.6916726790369,,,,,,,,
"P2040859","RED",2026-02-05,"NB","B",18.3453797735274,-64.6916393190622,,,,,,,,
"P2040860","RED",2026-02-05,"NB","B",18.3453791867942,-64.6916394028813,,,,,,,,
"P2040861","RED",2026-02-05,"NB","B",18.3453784324229,-64.6916396543384,,,,,,,,
"P2040862","RED",2026-02-05,"NB","B",18.3453780133277,-64.6916395705193,,,,,,,,
"P2040863","RED",2026-02-05,"NB","B",18.3453785162419,-64.691638816148,,,,,,,,
"P2040864","RED",2026-02-05,"NB","B",18.3453804440796,-64.6916365530342,,,,,,,,
"P2040865","RED",2026-02-05,"NB","B",18.3453836292028,-64.6916290931404,,,,,,,,
"P2040866","RED",2026-02-05,"NB","B",18.3453816175461,-64.6916304342449,,,,,,,,
"P2040867","RED",2026-02-05,"NB","B",18.3453898318112,-64.6916301827878,,,,,,,,
"P2040868","RED",2026-02-05,"NB","B",18.3453872334212,-64.691622974351,,,,,,,,
"P2040869","RED",2026-02-05,"NB","B",18.3453854732215,-64.6916239801794,,,,,,,,
"P2040870","RED",2026-02-05,"NB","B",18.3453791867942,-64.6915406640619,,,,,,,,
"P2040871","RED",2026-02-05,"NB","B",18.3453656919301,-64.6915377303958,,,,,,,,
"P2040872","RED",2026-02-05,"NB","B",18.3453596569598,-64.6915337909013,,,,,,,,
"P2040873","RED",2026-02-05,"NB","B",18.3453620038927,-64.6915344614536,,,,,,,,
"P2040874","RED",2026-02-05,"NB","B",18.3453616686165,-64.691530354321,,,,,,,,
"P2040875","RED",2026-02-05,"NB","B",18.3453532867134,-64.6915218885988,,,,,,,,
"P2040876","RED",2026-02-05,"NB","B",18.3453404624015,-64.6915180329233,,,,,,,,
"P2040877","RED",2026-02-05,"NB","B",18.3453287277371,-64.6914991736412,,,,,,,,
"P2040878","RED",2026-02-05,"NB","B",18.345328560099,-64.6914981678128,,,,,,,,
"P2040879","RED",2026-02-05,"NB","B",18.345331158489,-64.6914957370609,,,,,,,,
"P2040880","RED",2026-02-05,"NB","B",18.345325961709,-64.6914903726429,,,,,,,,
"P2040881","RED",2026-02-05,"NB","B",18.3453190885484,-64.6914902888238,,,,,,,,
"P2040882","RED",2026-02-05,"NB","B",18.3453222736716,-64.6914906241,,,,,,,,
"P2040883","RED",2026-02-05,"NB","B",18.3453249558806,-64.6914835833013,,,,,,,,
"P2040884","RED",2026-02-05,"NB","B",18.3453229442239,-64.6914807334542,,,,,,,,
"P2040885","RED",2026-02-05,"NB","B",18.3453196752816,-64.6914782188833,,,,,,,,
"P2040886","RED",2026-02-05,"NB","B",18.3453098684549,-64.6914823260158,,,,,,,,
"P2040887","RED",2026-02-05,"NB","B",18.3453090302646,-64.69148282893,,,,,,,,
"P2040888","RED",2026-02-05,"NB","B",18.3453088626266,-64.6914832480252,,,,,,,,
"P2040889","RED",2026-02-05,"NB","B",18.3453092817217,-64.6914829127491,,,,,,,,
"P2040890","RED",2026-02-05,"NB","B",18.3453117962927,-64.6914822421968,,,,,,,,
"P2040891","RED",2026-02-05,"NB","B",18.3453130535781,-64.6914820745587,,,,,,,,
"P2040892","RED",2026-02-05,"NB","B",18.3453132212162,-64.691482745111,,,,,,,,
"P2040893","RED",2026-02-05,"NB","B",18.3453146461397,-64.6914803981781,,,,,,,,
"P2040894","RED",2026-02-05,"NB","B",18.3453121315688,-64.6914705075324,,,,,,,,
"P2040895","RED",2026-02-05,"NB","B",18.3453114610165,-64.6914698369801,,,,,,,,
"P2040896","RED",2026-02-05,"NB","B",18.3453108742833,-64.691469501704,,,,,,,,
"P2040897","RED",2026-02-05,"NB","B",18.3453087788075,-64.6914681605995,,,,,,,,
"P2040898","RED",2026-02-05,"NB","B",18.3453111257404,-64.6914674062282,,,,,,,,
"P2040899","RED",2026-02-05,"NB","B",18.3453110419214,-64.6914671547711,,,,,,,,
"P2040900","RED",2026-02-05,"NB","B",18.3453141432256,-64.6914675738662,,,,,,,,
"P2040901","RED",2026-02-05,"NB","B",18.3453141432256,-64.6914679091424,,,,,,,,
"P2040902","RED",2026-02-05,"NB","B",18.345315316692,-64.6914657298476,,,,,,,,
"P2040903","RED",2026-02-05,"NB","B",18.345315232873,-64.6914653945714,,,,,,,,
"P2040904","RED",2026-02-05,"NB","B",18.3453148137778,-64.6914648916572,,,,,,,,
"P2040905","RED",2026-02-05,"NB","B",18.3453122992069,-64.6914628800005,,,,,,,,
"P2040906","RED",2026-02-05,"NB","B",18.3453103713691,-64.6914609521627,,,,,,,,
"P2040907","RED",2026-02-05,"NB","B",18.3453097008169,-64.6914610359818,,,,,,,,
"P2040908","RED",2026-02-05,"NB","B",18.3453061804175,-64.6914627123624,,,,,,,,
"P2040909","RED",2026-02-05,"NB","B",18.3453051745892,-64.6914624609053,,,,,,,,
"P2040910","RED",2026-02-05,"NB","B",18.3453037496656,-64.6914528217167,,,,,,,,
"P2040911","RED",2026-02-05,"NB","B",18.3453012350947,-64.6914519835263,,,,,,,,
"P2040912","RED",2026-02-05,"NB","B",18.3453014027327,-64.6914503909647,,,,,,,,
"P2040913","RED",2026-02-05,"NB","B",18.345302073285,-64.691445697099,,,,,,,,
"P2040914","RED",2026-02-05,"NB","B",18.3453042525798,-64.6914408355951,,,,,,,,
"P2040915","RED",2026-02-05,"NB","B",18.3453037496656,-64.6914393268526,,,,,,,,
"P2040916","RED",2026-02-05,"NB","B",18.345302073285,-64.6914374828339,,,,,,,,
"P2040917","RED",2026-02-05,"NB","B",18.3453026600182,-64.6914368122816,,,,,,,,
"P2040918","RED",2026-02-05,"NB","B",18.3453014865518,-64.691435135901,,,,,,,,
"P2040919","RED",2026-02-05,"NB","B",18.3453010674566,-64.6914347168058,,,,,,,,
"P2040920","RED",2026-02-05,"NB","B",18.3453000616282,-64.6914346329868,,,,,,,,
"P2040921","RED",2026-02-05,"NB","B",18.3452990557998,-64.6914333757013,,,,,,,,
"P2040922","RED",2026-02-05,"NB","B",18.3452993072569,-64.6914330404252,,,,,,,,
"P2040923","RED",2026-02-05,"NB","B",18.3453005645424,-64.6914323698729,,,,,,,,
"P2040924","RED",2026-02-05,"NB","B",18.3453005645424,-64.6914319507778,,,,,,,,
"P2040925","RED",2026-02-05,"NB","B",18.3453000616282,-64.6914305258542,,,,,,,,
"P2040926","RED",2026-02-05,"NB","B",18.3453003969043,-64.691429939121,,,,,,,,
"P2040927","RED",2026-02-05,"NB","B",18.3453013189137,-64.6914305258542,,,,,,,,
"P2040928","RED",2026-02-05,"NB","B",18.3453013189137,-64.6914303582162,,,,,,,,
"P2040929","RED",2026-02-05,"NB","B",18.3453014027327,-64.6914306096733,,,,,,,,
"P2040930","RED",2026-02-05,"NB","B",18.3453012350947,-64.69143002294,,,,,,,,
"P2040931","RED",2026-02-05,"NB","B",18.3453009836376,-64.6914292685688,,,,,,,,
"P2040932","RED",2026-02-05,"NB","B",18.3453012350947,-64.6914290171117,,,,,,,,
"P2040933","RED",2026-02-05,"NB","B",18.3453008159995,-64.6914286818355,,,,,,,,
"P2040934","RED",2026-02-05,"NB","B",18.3453001454473,-64.6914279274642,,,,,,,,
"P2040935","RED",2026-02-05,"NB","B",18.3453027438372,-64.6914285141975,,,,,,,,
"P2040936","RED",2026-02-05,"NB","B",18.345304755494,-64.6914379857481,,,,,,,,
"P2040937","RED",2026-02-05,"NB","B",18.3452983014286,-64.6914494689554,,,,,,,,
"P2040938","RED",2026-02-05,"NB","B",18.3453023247421,-64.6914436016232,,,,,,,,
"P2040939","RED",2026-02-05,"NB","B",18.3452973794192,-64.6914203837514,,,,,,,,
"P2040940","RED",2026-02-05,"NB","B",18.3452975470573,-64.6914195455611,,,,,,,,
"P2040941","RED",2026-02-05,"NB","B",18.3452956192195,-64.6914148516953,,,,,,,,
"P2040942","RED",2026-02-05,"NB","B",18.3452952839434,-64.6914148516953,,,,,,,,
"P2040943","RED",2026-02-05,"NB","B",18.3452957030386,-64.6914135944098,,,,,,,,
"P2040944","RED",2026-02-05,"NB","B",18.3452945295721,-64.6914135944098,,,,,,,,
"P2040945","RED",2026-02-05,"NB","B",18.3452919311821,-64.6914120018482,,,,,,,,
"P2040946","RED",2026-02-05,"NB","B",18.3452847227454,-64.6914085652679,,,,,,,,
"P2040947","RED",2026-02-05,"NB","B",18.3452977146953,-64.6914002671838,,,,,,,,
"P2040948","RED",2026-02-05,"NB","B",18.3452977146953,-64.6913997642696,,,,,,,,
"P2040949","RED",2026-02-05,"NB","B",18.3452977146953,-64.6913996804506,,,,,,,,
"P2040950","RED",2026-02-05,"NB","B",18.3452977146953,-64.6913996804506,,,,,,,,
"P2040951","RED",2026-02-05,"NB","B",18.3452977985144,-64.6913995966315,,,,,,,,
"P2040952","RED",2026-02-05,"NB","B",18.3452977985144,-64.6913995128125,,,,,,,,
"P2040953","RED",2026-02-05,"NB","B",18.3452977985144,-64.6913994289935,,,,,,,,
"P2040954","RED",2026-02-05,"NB","B",18.3452977985144,-64.6913992613554,,,,,,,,
"P2040955","RED",2026-02-05,"NB","B",18.3452977985144,-64.6913991775364,,,,,,,,
"P2040956","RED",2026-02-05,"NB","B",18.3452977985144,-64.6913990937173,,,,,,,,
"P2040957","RED",2026-02-05,"NB","B",18.3452977985144,-64.6913988422602,,,,,,,,
"P2040958","RED",2026-02-05,"NB","B",18.3452978823334,-64.6913986746222,,,,,,,,
"P2040959","RED",2026-02-05,"NB","B",18.3452978823334,-64.6913984231651,,,,,,,,
"P2040960","RED",2026-02-05,"NB","B",18.3452978823334,-64.691398171708,,,,,,,,
"P2040961","RED",2026-02-05,"NB","B",18.3452979661524,-64.6913980040699,,,,,,,,
"P2040962","RED",2026-02-05,"NB","B",18.3452979661524,-64.6913978364319,,,,,,,,
"P2040963","RED",2026-02-05,"NB","B",18.3452979661524,-64.6913976687938,,,,,,,,
"P2040964","RED",2026-02-05,"NB","B",18.3452980499715,-64.6913973335177,,,,,,,,
"P2040965","RED",2026-02-05,"NB","B",18.3452980499715,-64.6913970820606,,,,,,,,
"P2040966","RED",2026-02-05,"NB","B",18.3452980499715,-64.6913967467844,,,,,,,,
"P2040967","RED",2026-02-05,"NB","B",18.3452981337905,-64.6913965791464,,,,,,,,
"P2040968","RED",2026-02-05,"NB","B",18.3452981337905,-64.6913964953274,,,,,,,,
"P2040969","RED",2026-02-05,"NB","B",18.3452981337905,-64.6913963276893,,,,,,,,
"P2040970","RED",2026-02-05,"NB","B",18.3452981337905,-64.6913962438703,,,,,,,,
"P2040971","RED",2026-02-05,"NB","B",18.3452981337905,-64.6913961600512,,,,,,,,
"P2040972","RED",2026-02-05,"NB","B",18.3452983014286,-64.6913950704038,,,,,,,,
"P2040973","RED",2026-02-05,"NB","B",18.3452983852476,-64.6913940645754,,,,,,,,
"P2040974","RED",2026-02-05,"NB","B",18.3452983852476,-64.6913938969374,,,,,,,,
"P2040975","RED",2026-02-05,"NB","B",18.3452984690666,-64.6913936454803,,,,,,,,
"P2040976","RED",2026-02-05,"NB","B",18.3452984690666,-64.6913935616612,,,,,,,,
"P2040977","RED",2026-02-05,"NB","B",18.3452984690666,-64.6913933940232,,,,,,,,
"P2040978","RED",2026-02-05,"NB","B",18.3452985528857,-64.6913926396519,,,,,,,,
"P2040979","RED",2026-02-05,"NB","B",18.3452985528857,-64.6913923881948,,,,,,,,
"P2040980","RED",2026-02-05,"NB","B",18.3452985528857,-64.6913922205567,,,,,,,,
"P2040981","RED",2026-02-05,"NB","B",18.3452986367047,-64.6913921367377,,,,,,,,
"P2040982","RED",2026-02-05,"NB","B",18.3452986367047,-64.6913919690996,,,,,,,,
"P2040983","RED",2026-02-05,"NB","B",18.3452988043427,-64.6913906279951,,,,,,,,
"P2040984","RED",2026-02-05,"NB","B",18.3452988043427,-64.6913905441761,,,,,,,,
"P2040985","RED",2026-02-05,"NB","B",18.3452988881618,-64.6913899574429,,,,,,,,
"P2040986","RED",2026-02-05,"NB","B",18.3452988881618,-64.6913898736238,,,,,,,,
"P2040987","RED",2026-02-05,"NB","B",18.3452988881618,-64.6913896221668,,,,,,,,
"P2040988","RED",2026-02-05,"NB","B",18.3452988881618,-64.6913894545287,,,,,,,,
"P2040989","RED",2026-02-05,"NB","B",18.3452989719808,-64.6913892030716,,,,,,,,
"P2040990","RED",2026-02-05,"NB","B",18.3452989719808,-64.6913889516145,,,,,,,,
"P2040991","RED",2026-02-05,"NB","B",18.3452989719808,-64.6913887839764,,,,,,,,
"P2040992","RED",2026-02-05,"NB","B",18.3452989719808,-64.6913886163384,,,,,,,,
"P2040993","RED",2026-02-05,"NB","B",18.3452990557998,-64.6913884487003,,,,,,,,
"P2040994","RED",2026-02-05,"NB","B",18.3452990557998,-64.6913883648813,,,,,,,,
"P2040995","RED",2026-02-05,"NB","B",18.3452990557998,-64.6913881972432,,,,,,,,
"P2040996","RED",2026-02-05,"NB","B",18.3452990557998,-64.6913880296052,,,,,,,,
"P2040997","RED",2026-02-05,"NB","B",18.3452990557998,-64.6913877781481,,,,,,,,
"P2040998","RED",2026-02-05,"NB","B",18.3452991396189,-64.69138761051,,,,,,,,
"P2040999","RED",2026-02-05,"NB","B",18.3452991396189,-64.691387526691,,,,,,,,
"P2041000","RED",2026-02-05,"NB","B",18.3452991396189,-64.6913870237768,,,,,,,,
"P2041001","RED",2026-02-05,"NB","B",18.3452992234379,-64.6913868561387,,,,,,,,
"P2041002","RED",2026-02-05,"NB","B",18.3452993072569,-64.6913861017674,,,,,,,,
"P2041003","RED",2026-02-05,"NB","B",18.3452993072569,-64.6913860179484,,,,,,,,
"P2041004","RED",2026-02-05,"NB","B",18.3452993072569,-64.6913859341294,,,,,,,,
"P2041005","RED",2026-02-05,"NB","B",18.3452993072569,-64.6913855988532,,,,,,,,
"P2041006","RED",2026-02-05,"NB","B",18.345299391076,-64.6913854312152,,,,,,,,
"P2041007","RED",2026-02-05,"NB","B",18.345299391076,-64.6913851797581,,,,,,,,
"P2041008","RED",2026-02-05,"NB","B",18.345299391076,-64.69138501212,,,,,,,,
"P2041009","RED",2026-02-05,"NB","B",18.345299391076,-64.6913848444819,,,,,,,,
"P2041010","RED",2026-02-05,"NB","B",18.345299474895,-64.6913845092058,,,,,,,,
"P2041011","RED",2026-02-05,"NB","B",18.345299474895,-64.6913843415678,,,,,,,,
"P2041012","RED",2026-02-05,"NB","B",18.345299474895,-64.6913841739297,,,,,,,,
"P2041013","RED",2026-02-05,"NB","B",18.345299558714,-64.6913838386536,,,,,,,,
"P2041014","RED",2026-02-05,"NB","B",18.345299558714,-64.6913837548345,,,,,,,,
"P2041015","RED",2026-02-05,"NB","B",18.345299558714,-64.6913835033774,,,,,,,,
"P2041016","RED",2026-02-05,"NB","B",18.3452996425331,-64.6913832519203,,,,,,,,
"P2041017","RED",2026-02-05,"NB","B",18.3452996425331,-64.6913830842823,,,,,,,,
"P2041018","RED",2026-02-05,"NB","B",18.3452996425331,-64.6913830004632,,,,,,,,
"P2041019","RED",2026-02-05,"NB","B",18.3452997263521,-64.6913824975491,,,,,,,,
"P2041020","RED",2026-02-05,"NB","B",18.3452997263521,-64.691382329911,,,,,,,,
"P2041021","RED",2026-02-05,"NB","B",18.3452997263521,-64.6913821622729,,,,,,,,
"P2041022","RED",2026-02-05,"NB","B",18.3452998101711,-64.6913816593587,,,,,,,,
"P2041023","RED",2026-02-05,"NB","B",18.3452998101711,-64.6913815755397,,,,,,,,
"P2041024","RED",2026-02-05,"NB","B",18.3452998101711,-64.6913814079016,,,,,,,,
"P2041025","RED",2026-02-05,"NB","B",18.3452998101711,-64.6913812402636,,,,,,,,
"P2041026","RED",2026-02-05,"NB","B",18.3452998939902,-64.6913810726255,,,,,,,,
"P2041027","RED",2026-02-05,"NB","B",18.3452998939902,-64.6913807373494,,,,,,,,
"P2041028","RED",2026-02-05,"NB","B",18.3452998939902,-64.6913806535304,,,,,,,,
"P2041029","RED",2026-02-05,"NB","B",18.3452998939902,-64.6913805697113,,,,,,,,
"P2041030","RED",2026-02-05,"NB","B",18.3452999778092,-64.6913803182542,,,,,,,,
"P2041031","RED",2026-02-05,"NB","B",18.3452999778092,-64.6913799829781,,,,,,,,
"P2041032","RED",2026-02-05,"NB","B",18.3452999778092,-64.6913798991591,,,,,,,,
"P2041033","RED",2026-02-05,"NB","B",18.3452999778092,-64.691379647702,,,,,,,,
"P2041034","RED",2026-02-05,"NB","B",18.3453000616282,-64.6913794800639,,,,,,,,
"P2041035","RED",2026-02-05,"NB","B",18.3453000616282,-64.6913790609688,,,,,,,,
"P2041036","RED",2026-02-05,"NB","B",18.3453001454473,-64.6913788933307,,,,,,,,
"P2041037","RED",2026-02-05,"NB","B",18.3453001454473,-64.6913782227784,,,,,,,,
"P2041038","RED",2026-02-05,"NB","B",18.3453002292663,-64.6913777198642,,,,,,,,
"P2041039","RED",2026-02-05,"NB","B",18.3453003130853,-64.6913772169501,,,,,,,,
"P2041040","RED",2026-02-05,"NB","B",18.3453003130853,-64.691376965493,,,,,,,,
"P2041041","RED",2026-02-05,"NB","B",18.3453003130853,-64.6913768816739,,,,,,,,
"P2041042","RED",2026-02-05,"NB","B",18.3453003130853,-64.6913767140359,,,,,,,,
"P2041043","RED",2026-02-05,"NB","B",18.3453003969043,-64.6913766302168,,,,,,,,
"P2041044","RED",2026-02-05,"NB","B",18.3453003969043,-64.6913762949407,,,,,,,,
"P2041045","RED",2026-02-05,"NB","B",18.3453003969043,-64.6913760434836,,,,,,,,
"P2041046","RED",2026-02-05,"NB","B",18.3453003969043,-64.6913759596646,,,,,,,,
"P2041047","RED",2026-02-05,"NB","B",18.3453004807234,-64.6913757920265,,,,,,,,
"P2041048","RED",2026-02-05,"NB","B",18.3453004807234,-64.6913755405694,,,,,,,,
"P2041049","RED",2026-02-05,"NB","B",18.3453004807234,-64.6913754567504,,,,,,,,
"P2041050","RED",2026-02-05,"NB","B",18.3453005645424,-64.6913752052933,,,,,,,,
"P2041051","RED",2026-02-05,"NB","B",18.3453005645424,-64.6913749538362,,,,,,,,
"P2041052","RED",2026-02-05,"NB","B",18.3453005645424,-64.6913747861981,,,,,,,,
"P2041053","RED",2026-02-05,"NB","B",18.3453005645424,-64.6913747023791,,,,,,,,
"P2041054","RED",2026-02-05,"NB","B",18.3453005645424,-64.6913746185601,,,,,,,,
"P2041055","RED",2026-02-05,"NB","B",18.3453005645424,-64.691374534741,,,,,,,,
"P2041056","RED",2026-02-05,"NB","B",18.3453005645424,-64.691374534741,,,,,,,,
"P2041057","RED",2026-02-05,"NB","B",18.3453006483614,-64.6913738641888,,,,,,,,
"P2041058","RED",2026-02-05,"NB","B",18.3453007321805,-64.6913736965507,,,,,,,,
"P2041059","RED",2026-02-05,"NB","B",18.3453007321805,-64.6913734450936,,,,,,,,
"P2041060","RED",2026-02-05,"NB","B",18.3453007321805,-64.6913733612746,,,,,,,,
"P2041061","RED",2026-02-05,"NB","B",18.3453007321805,-64.6913730259985,,,,,,,,
"P2041062","RED",2026-02-05,"NB","B",18.3453008159995,-64.6913728583604,,,,,,,,
"P2041063","RED",2026-02-05,"NB","B",18.3453008159995,-64.6913727745414,,,,,,,,
"P2041064","RED",2026-02-05,"NB","B",18.3453008159995,-64.6913726069033,,,,,,,,
"P2041065","RED",2026-02-05,"NB","B",18.3453008159995,-64.6913724392653,,,,,,,,
"P2041066","RED",2026-02-05,"NB","B",18.3453008159995,-64.6913722716272,,,,,,,,
"P2041067","RED",2026-02-05,"NB","B",18.3453008998185,-64.6913721878082,,,,,,,,
"P2041068","RED",2026-02-05,"NB","B",18.3453008998185,-64.6913721878082,,,,,,,,
"P2041069","RED",2026-02-05,"NB","B",18.3453008998185,-64.6913719363511,,,,,,,,
"P2041070","RED",2026-02-05,"NB","B",18.3453008998185,-64.691371768713,,,,,,,,
"P2041071","RED",2026-02-05,"NB","B",18.3453008998185,-64.691371684894,,,,,,,,
"P2041072","RED",2026-02-05,"NB","B",18.3453009836376,-64.6913713496178,,,,,,,,
"P2041073","RED",2026-02-05,"NB","B",18.3453009836376,-64.6913710981607,,,,,,,,
"P2041074","RED",2026-02-05,"NB","B",18.3453009836376,-64.6913710143417,,,,,,,,
"P2041075","RED",2026-02-05,"NB","B",18.3453009836376,-64.6913708467036,,,,,,,,
"P2041076","RED",2026-02-05,"NB","B",18.3453010674566,-64.6913707628846,,,,,,,,
"P2041077","RED",2026-02-05,"NB","B",18.3453010674566,-64.6913705114275,,,,,,,,
"P2041078","RED",2026-02-05,"NB","B",18.3453010674566,-64.6913701761514,,,,,,,,
"P2041079","RED",2026-02-05,"NB","B",18.3453011512756,-64.6913700085133,,,,,,,,
"P2041080","RED",2026-02-05,"NB","B",18.3453011512756,-64.6913698408753,,,,,,,,
"P2041081","RED",2026-02-05,"NB","B",18.3453011512756,-64.6913696732372,,,,,,,,
"P2041082","RED",2026-02-05,"NB","B",18.3453011512756,-64.6913693379611,,,,,,,,
"P2041083","RED",2026-02-05,"NB","B",18.3453012350947,-64.691369170323,,,,,,,,
"P2041084","RED",2026-02-05,"NB","B",18.3453013189137,-64.6913684159517,,,,,,,,
"P2041085","RED",2026-02-05,"NB","B",18.3453013189137,-64.6913683321327,,,,,,,,
"P2041086","RED",2026-02-05,"NB","B",18.3453013189137,-64.6913681644946,,,,,,,,
"P2041087","RED",2026-02-05,"NB","B",18.3453013189137,-64.6913678292185,,,,,,,,
"P2041088","RED",2026-02-05,"NB","B",18.3453014027327,-64.6913678292185,,,,,,,,
"P2041089","RED",2026-02-05,"NB","B",18.3453014027327,-64.6913674939424,,,,,,,,
"P2041090","RED",2026-02-05,"NB","B",18.3453014027327,-64.6913674101233,,,,,,,,
"P2041091","RED",2026-02-05,"NB","B",18.3453014027327,-64.6913672424853,,,,,,,,
"P2041092","RED",2026-02-05,"NB","B",18.3453014865518,-64.6913669910282,,,,,,,,
"P2041093","RED",2026-02-05,"NB","B",18.3453014865518,-64.6913666557521,,,,,,,,
"P2041094","RED",2026-02-05,"NB","B",18.3453014865518,-64.691366571933,,,,,,,,
"P2041095","RED",2026-02-05,"NB","B",18.3453014865518,-64.691366404295,,,,,,,,
"P2041096","RED",2026-02-05,"NB","B",18.3453015703708,-64.6913662366569,,,,,,,,
"P2041097","RED",2026-02-05,"NB","B",18.3453015703708,-64.6913659851998,,,,,,,,
"P2041098","RED",2026-02-05,"NB","B",18.3453015703708,-64.6913658175617,,,,,,,,
"P2041099","RED",2026-02-05,"NB","B",18.3453016541898,-64.6913655661047,,,,,,,,
"P2041100","RED",2026-02-05,"NB","B",18.3453016541898,-64.6913654822856,,,,,,,,
"P2041101","RED",2026-02-05,"NB","B",18.3453016541898,-64.6913653146476,,,,,,,,
"P2041102","RED",2026-02-05,"NB","B",18.3453017380089,-64.6913648117334,,,,,,,,
"P2041103","RED",2026-02-05,"NB","B",18.3453017380089,-64.6913646440953,,,,,,,,
"P2041104","RED",2026-02-05,"NB","B",18.3453017380089,-64.6913643926382,,,,,,,,
"P2041105","RED",2026-02-05,"NB","B",18.3453018218279,-64.6913641411811,,,,,,,,
"P2041106","RED",2026-02-05,"NB","B",18.3453018218279,-64.691363889724,,,,,,,,
"P2041107","RED",2026-02-05,"NB","B",18.3453019056469,-64.6913633029908,,,,,,,,
"P2041108","RED",2026-02-05,"NB","B",18.3453019056469,-64.6913629677147,,,,,,,,
"P2041109","RED",2026-02-05,"NB","B",18.345301989466,-64.6913626324385,,,,,,,,
"P2041110","RED",2026-02-05,"NB","B",18.345301989466,-64.6913623809814,,,,,,,,
"P2041111","RED",2026-02-05,"NB","B",18.345301989466,-64.6913621295244,,,,,,,,
"P2041112","RED",2026-02-05,"NB","B",18.345301989466,-64.6913620457053,,,,,,,,
"P2041113","RED",2026-02-05,"NB","B",18.345302073285,-64.6913617942482,,,,,,,,
"P2041114","RED",2026-02-05,"NB","B",18.345302073285,-64.6913614589721,,,,,,,,
