photo_filename,taglab_map_name,export_status,exported_csv_name
P2060333.JPG,P2060333,NOT EXPORTED,
P2060334.JPG,P2060334,NOT EXPORTED,
P2060335.JPG,P2060335,NOT EXPORTED,
P2060336.JPG,P2060336,NOT EXPORTED,
P2060337.JPG,P2060337,NOT EXPORTED,
P2060338.JPG,P2060338,NOT EXPORTED,
P2060339.JPG,P2060339,NOT EXPORTED,
P2060340.JPG,P2060340,NOT EXPORTED,
P2060341.JPG,P2060341,NOT EXPORTED,
P2060342.JPG,P2060342,NOT EXPORTED,
P2060343.JPG,P2060343,NOT EXPORTED,
P2060344.JPG,P2060344,NOT EXPORTED,
P2060345.JPG,P2060345,NOT EXPORTED,
P2060346.JPG,P2060346,NOT EXPORTED,
P2060347.JPG,P2060347,NOT EXPORTED,
P2060348.JPG,P2060348,NOT EXPORTED,
P2060349.JPG,P2060349,NOT EXPORTED,
P2060350.JPG,P2060350,NOT EXPORTED,
P2060351.JPG,P2060351,NOT EXPORTED,
P2060352.JPG,P2060352,NOT EXPORTED,
P2060353.JPG,P2060353,NOT EXPORTED,
P2060354.JPG,P2060354,NOT EXPORTED,
P2060355.JPG,P2060355,NOT EXPORTED,
P2060356.JPG,P2060356,NOT EXPORTED,
P2060357.JPG,P2060357,NOT EXPORTED,
P2060358.JPG,P2060358,NOT EXPORTED,
P2060359.JPG,P2060359,NOT EXPORTED,
P2060360.JPG,P2060360,NOT EXPORTED,
P2060361.JPG,P2060361,NOT EXPORTED,
P2060362.JPG,P2060362,NOT EXPORTED,
P2060363.JPG,P2060363,NOT EXPORTED,
P2060364.JPG,P2060364,NOT EXPORTED,
P2060365.JPG,P2060365,NOT EXPORTED,
P2060366.JPG,P2060366,NOT EXPORTED,
P2060367.JPG,P2060367,NOT EXPORTED,
P2060368.JPG,P2060368,NOT EXPORTED,
P2060369.JPG,P2060369,NOT EXPORTED,
P2060370.JPG,P2060370,NOT EXPORTED,
P2060371.JPG,P2060371,NOT EXPORTED,
P2060372.JPG,P2060372,NOT EXPORTED,
P2060373.JPG,P2060373,NOT EXPORTED,
P2060374.JPG,P2060374,NOT EXPORTED,
P2060375.JPG,P2060375,NOT EXPORTED,
P2060376.JPG,P2060376,NOT EXPORTED,
P2060377.JPG,P2060377,NOT EXPORTED,
P2060378.JPG,P2060378,NOT EXPORTED,
P2060381.JPG,P2060381,NOT EXPORTED,
P2060382.JPG,P2060382,NOT EXPORTED,
P2060383.JPG,P2060383,NOT EXPORTED,
P2060384.JPG,P2060384,NOT EXPORTED,
P2060385.JPG,P2060385,NOT EXPORTED,
P2060386.JPG,P2060386,NOT EXPORTED,
P2060387.JPG,P2060387,NOT EXPORTED,
P2060388.JPG,P2060388,NOT EXPORTED,
P2060389.JPG,P2060389,NOT EXPORTED,
P2060390.JPG,P2060390,NOT EXPORTED,
P2060391.JPG,P2060391,NOT EXPORTED,
P2060392.JPG,P2060392,NOT EXPORTED,
P2060393.JPG,P2060393,NOT EXPORTED,
P2060394.JPG,P2060394,NOT EXPORTED,
P2060395.JPG,P2060395,NOT EXPORTED,
P2060396.JPG,P2060396,NOT EXPORTED,
P2060397.JPG,P2060397,NOT EXPORTED,
P2060398.JPG,P2060398,NOT EXPORTED,
P2060399.JPG,P2060399,NOT EXPORTED,
P2060400.JPG,P2060400,NOT EXPORTED,
P2060401.JPG,P2060401,NOT EXPORTED,
P2060402.JPG,P2060402,NOT EXPORTED,
P2060403.JPG,P2060403,NOT EXPORTED,
P2060404.JPG,P2060404,NOT EXPORTED,
P2060405.JPG,P2060405,NOT EXPORTED,
P2060406.JPG,P2060406,NOT EXPORTED,
P2060407.JPG,P2060407,NOT EXPORTED,
P2060408.JPG,P2060408,NOT EXPORTED,
P2060409.JPG,P2060409,NOT EXPORTED,
P2060410.JPG,P2060410,NOT EXPORTED,
P2060411.JPG,P2060411,NOT EXPORTED,
P2060412.JPG,P2060412,NOT EXPORTED,
P2060413.JPG,P2060413,NOT EXPORTED,
P2060414.JPG,P2060414,NOT EXPORTED,
P2060415.JPG,P2060415,NOT EXPORTED,
P2060416.JPG,P2060416,NOT EXPORTED,
P2060417.JPG,P2060417,NOT EXPORTED,
P2060418.JPG,P2060418,NOT EXPORTED,
P2060419.JPG,P2060419,NOT EXPORTED,
P2060420.JPG,P2060420,NOT EXPORTED,
P2060421.JPG,P2060421,NOT EXPORTED,
P2060422.JPG,P2060422,NOT EXPORTED,
P2060423.JPG,P2060423,NOT EXPORTED,
P2060424.JPG,P2060424,NOT EXPORTED,
P2060425.JPG,P2060425,NOT EXPORTED,
P2060426.JPG,P2060426,NOT EXPORTED,
P2060427.JPG,P2060427,NOT EXPORTED,
P2060428.JPG,P2060428,NOT EXPORTED,
P2060429.JPG,P2060429,NOT EXPORTED,
P2060430.JPG,P2060430,NOT EXPORTED,
P2060431.JPG,P2060431,NOT EXPORTED,
P2060432.JPG,P2060432,NOT EXPORTED,
P2060433.JPG,P2060433,NOT EXPORTED,
P2060434.JPG,P2060434,NOT EXPORTED,
P2060435.JPG,P2060435,NOT EXPORTED,
P2060436.JPG,P2060436,NOT EXPORTED,
P2060437.JPG,P2060437,NOT EXPORTED,
P2060438.JPG,P2060438,NOT EXPORTED,
P2060439.JPG,P2060439,NOT EXPORTED,
P2060440.JPG,P2060440,NOT EXPORTED,
P2060441.JPG,P2060441,NOT EXPORTED,
P2060442.JPG,P2060442,NOT EXPORTED,
P2060443.JPG,P2060443,NOT EXPORTED,
P2060444.JPG,P2060444,NOT EXPORTED,
P2060445.JPG,P2060445,NOT EXPORTED,
P2060446.JPG,P2060446,NOT EXPORTED,
P2060447.JPG,P2060447,NOT EXPORTED,
P2060448.JPG,P2060448,NOT EXPORTED,
P2060449.JPG,P2060449,NOT EXPORTED,
P2060450.JPG,P2060450,NOT EXPORTED,
P2060451.JPG,P2060451,NOT EXPORTED,
P2060452.JPG,P2060452,NOT EXPORTED,
P2060453.JPG,P2060453,NOT EXPORTED,
P2060454.JPG,P2060454,NOT EXPORTED,
P2060455.JPG,P2060455,NOT EXPORTED,
P2060456.JPG,P2060456,NOT EXPORTED,
P2060457.JPG,P2060457,NOT EXPORTED,
P2060458.JPG,P2060458,NOT EXPORTED,
P2060459.JPG,P2060459,NOT EXPORTED,
P2060461.JPG,P2060461,NOT EXPORTED,
P2060462.JPG,P2060462,NOT EXPORTED,
P2060463.JPG,P2060463,NOT EXPORTED,
P2060464.JPG,P2060464,NOT EXPORTED,
P2060465.JPG,P2060465,NOT EXPORTED,
P2060466.JPG,P2060466,NOT EXPORTED,
P2060467.JPG,P2060467,NOT EXPORTED,
P2060468.JPG,P2060468,NOT EXPORTED,
P2060469.JPG,P2060469,NOT EXPORTED,
P2060470.JPG,P2060470,NOT EXPORTED,
P2060471.JPG,P2060471,NOT EXPORTED,
P2060472.JPG,P2060472,NOT EXPORTED,
P2060473.JPG,P2060473,NOT EXPORTED,
P2060474.JPG,P2060474,NOT EXPORTED,
P2060475.JPG,P2060475,NOT EXPORTED,
P2060476.JPG,P2060476,NOT EXPORTED,
P2060477.JPG,P2060477,NOT EXPORTED,
P2060478.JPG,P2060478,NOT EXPORTED,
P2060479.JPG,P2060479,NOT EXPORTED,
P2060480.JPG,P2060480,NOT EXPORTED,
P2060481.JPG,P2060481,NOT EXPORTED,
P2060482.JPG,P2060482,NOT EXPORTED,
P2060483.JPG,P2060483,NOT EXPORTED,
P2060484.JPG,P2060484,NOT EXPORTED,
P2060485.JPG,P2060485,NOT EXPORTED,
P2060486.JPG,P2060486,NOT EXPORTED,
P2060487.JPG,P2060487,NOT EXPORTED,
P2060488.JPG,P2060488,NOT EXPORTED,
P2060489.JPG,P2060489,NOT EXPORTED,
P2060490.JPG,P2060490,NOT EXPORTED,
P2060491.JPG,P2060491,NOT EXPORTED,
P2060492.JPG,P2060492,NOT EXPORTED,
P2060493.JPG,P2060493,NOT EXPORTED,
P2060494.JPG,P2060494,NOT EXPORTED,
P2060495.JPG,P2060495,NOT EXPORTED,
P2060496.JPG,P2060496,NOT EXPORTED,
P2060497.JPG,P2060497,NOT EXPORTED,
P2060498.JPG,P2060498,NOT EXPORTED,
P2060499.JPG,P2060499,NOT EXPORTED,
P2060500.JPG,P2060500,NOT EXPORTED,
P2060501.JPG,P2060501,NOT EXPORTED,
P2060502.JPG,P2060502,NOT EXPORTED,
P2060503.JPG,P2060503,NOT EXPORTED,
P2060504.JPG,P2060504,NOT EXPORTED,
P2060505.JPG,P2060505,NOT EXPORTED,
P2060506.JPG,P2060506,NOT EXPORTED,
P2060507.JPG,P2060507,NOT EXPORTED,
P2060508.JPG,P2060508,NOT EXPORTED,
P2060509.JPG,P2060509,NOT EXPORTED,
P2060510.JPG,P2060510,NOT EXPORTED,
P2060511.JPG,P2060511,NOT EXPORTED,
P2060512.JPG,P2060512,NOT EXPORTED,
P2060513.JPG,P2060513,NOT EXPORTED,
P2060514.JPG,P2060514,NOT EXPORTED,
P2060515.JPG,P2060515,NOT EXPORTED,
P2060516.JPG,P2060516,NOT EXPORTED,
P2060517.JPG,P2060517,NOT EXPORTED,
P2060518.JPG,P2060518,NOT EXPORTED,
P2060519.JPG,P2060519,NOT EXPORTED,
P2060520.JPG,P2060520,NOT EXPORTED,
P2060521.JPG,P2060521,NOT EXPORTED,
P2060522.JPG,P2060522,NOT EXPORTED,
P2060523.JPG,P2060523,NOT EXPORTED,
P2060524.JPG,P2060524,NOT EXPORTED,
P2060525.JPG,P2060525,NOT EXPORTED,
P2060526.JPG,P2060526,NOT EXPORTED,
P2060527.JPG,P2060527,NOT EXPORTED,
P2060528.JPG,P2060528,NOT EXPORTED,
P2060529.JPG,P2060529,NOT EXPORTED,
P2060530.JPG,P2060530,NOT EXPORTED,
P2060531.JPG,P2060531,NOT EXPORTED,
P2060532.JPG,P2060532,NOT EXPORTED,
P2060533.JPG,P2060533,NOT EXPORTED,
P2060534.JPG,P2060534,NOT EXPORTED,
P2060535.JPG,P2060535,NOT EXPORTED,
P2060536.JPG,P2060536,NOT EXPORTED,
P2060537.JPG,P2060537,NOT EXPORTED,
P2060538.JPG,P2060538,NOT EXPORTED,
P2060539.JPG,P2060539,NOT EXPORTED,
P2060540.JPG,P2060540,NOT EXPORTED,
P2060541.JPG,P2060541,NOT EXPORTED,
P2060542.JPG,P2060542,NOT EXPORTED,
P2060543.JPG,P2060543,NOT EXPORTED,
P2060548.JPG,P2060548,NOT EXPORTED,
P2060549.JPG,P2060549,NOT EXPORTED,
P2060550.JPG,P2060550,NOT EXPORTED,
P2060551.JPG,P2060551,NOT EXPORTED,
P2060552.JPG,P2060552,NOT EXPORTED,
P2060553.JPG,P2060553,NOT EXPORTED,
P2060554.JPG,P2060554,NOT EXPORTED,
P2060555.JPG,P2060555,NOT EXPORTED,
P2060556.JPG,P2060556,NOT EXPORTED,
P2060557.JPG,P2060557,NOT EXPORTED,
P2060558.JPG,P2060558,NOT EXPORTED,
P2060559.JPG,P2060559,NOT EXPORTED,
P2060560.JPG,P2060560,NOT EXPORTED,
P2060561.JPG,P2060561,NOT EXPORTED,
P2060562.JPG,P2060562,NOT EXPORTED,
P2060563.JPG,P2060563,NOT EXPORTED,
P2060565.JPG,P2060565,NOT EXPORTED,
P2060566.JPG,P2060566,NOT EXPORTED,
P2060567.JPG,P2060567,NOT EXPORTED,
P2060568.JPG,P2060568,NOT EXPORTED,
P2060569.JPG,P2060569,NOT EXPORTED,
P2060570.JPG,P2060570,NOT EXPORTED,
P2060571.JPG,P2060571,NOT EXPORTED,
P2060572.JPG,P2060572,NOT EXPORTED,
P2060573.JPG,P2060573,NOT EXPORTED,
P2060574.JPG,P2060574,NOT EXPORTED,
P2060575.JPG,P2060575,NOT EXPORTED,
P2060576.JPG,P2060576,NOT EXPORTED,
P2060577.JPG,P2060577,NOT EXPORTED,
P2060578.JPG,P2060578,NOT EXPORTED,
P2060579.JPG,P2060579,NOT EXPORTED,
P2060580.JPG,P2060580,NOT EXPORTED,
P2060581.JPG,P2060581,NOT EXPORTED,
P2060583.JPG,P2060583,NOT EXPORTED,
P2060584.JPG,P2060584,NOT EXPORTED,
P2060585.JPG,P2060585,NOT EXPORTED,
P2060586.JPG,P2060586,NOT EXPORTED,
P2060587.JPG,P2060587,NOT EXPORTED,
P2060588.JPG,P2060588,NOT EXPORTED,
P2060589.JPG,P2060589,NOT EXPORTED,
P2060590.JPG,P2060590,NOT EXPORTED,
P2060591.JPG,P2060591,NOT EXPORTED,
P2060592.JPG,P2060592,NOT EXPORTED,
P2060593.JPG,P2060593,NOT EXPORTED,
P2060594.JPG,P2060594,NOT EXPORTED,
P2060595.JPG,P2060595,NOT EXPORTED,
P2060596.JPG,P2060596,NOT EXPORTED,
P2060597.JPG,P2060597,NOT EXPORTED,
P2060598.JPG,P2060598,NOT EXPORTED,
P2060599.JPG,P2060599,NOT EXPORTED,
P2060600.JPG,P2060600,NOT EXPORTED,
P2060601.JPG,P2060601,NOT EXPORTED,
P2060602.JPG,P2060602,NOT EXPORTED,
P2060603.JPG,P2060603,NOT EXPORTED,
P2060604.JPG,P2060604,NOT EXPORTED,
P2060605.JPG,P2060605,NOT EXPORTED,
P2060606.JPG,P2060606,NOT EXPORTED,
P2060607.JPG,P2060607,NOT EXPORTED,
P2060608.JPG,P2060608,NOT EXPORTED,
P2060609.JPG,P2060609,NOT EXPORTED,
P2060610.JPG,P2060610,NOT EXPORTED,
P2060611.JPG,P2060611,NOT EXPORTED,
P2060612.JPG,P2060612,NOT EXPORTED,
P2060613.JPG,P2060613,NOT EXPORTED,
P2060614.JPG,P2060614,NOT EXPORTED,
P2060615.JPG,P2060615,NOT EXPORTED,
P2060616.JPG,P2060616,NOT EXPORTED,
P2060617.JPG,P2060617,NOT EXPORTED,
P2060618.JPG,P2060618,NOT EXPORTED,
P2060619.JPG,P2060619,NOT EXPORTED,
P2060620.JPG,P2060620,NOT EXPORTED,
P2060621.JPG,P2060621,NOT EXPORTED,
P2060622.JPG,P2060622,NOT EXPORTED,
P2060623.JPG,P2060623,NOT EXPORTED,
P2060624.JPG,P2060624,NOT EXPORTED,
P2060625.JPG,P2060625,NOT EXPORTED,
P2060626.JPG,P2060626,NOT EXPORTED,
P2060627.JPG,P2060627,NOT EXPORTED,
P2060628.JPG,P2060628,NOT EXPORTED,
P2060629.JPG,P2060629,NOT EXPORTED,
P2060630.JPG,P2060630,NOT EXPORTED,
P2060631.JPG,P2060631,NOT EXPORTED,
P2060632.JPG,P2060632,NOT EXPORTED,
P2060633.JPG,P2060633,NOT EXPORTED,
P2060634.JPG,P2060634,NOT EXPORTED,
P2060635.JPG,P2060635,NOT EXPORTED,
P2060636.JPG,P2060636,NOT EXPORTED,
P2060637.JPG,P2060637,NOT EXPORTED,
P2060638.JPG,P2060638,NOT EXPORTED,
P2060639.JPG,P2060639,NOT EXPORTED,
P2060640.JPG,P2060640,NOT EXPORTED,
P2060641.JPG,P2060641,NOT EXPORTED,
P2060642.JPG,P2060642,NOT EXPORTED,
P2060643.JPG,P2060643,NOT EXPORTED,
P2060644.JPG,P2060644,NOT EXPORTED,
P2060645.JPG,P2060645,NOT EXPORTED,
P2060646.JPG,P2060646,NOT EXPORTED,
P2060647.JPG,P2060647,NOT EXPORTED,
P2060648.JPG,P2060648,NOT EXPORTED,
P2060649.JPG,P2060649,NOT EXPORTED,
P2060650.JPG,P2060650,NOT EXPORTED,
P2060651.JPG,P2060651,NOT EXPORTED,
P2060652.JPG,P2060652,NOT EXPORTED,
P2060653.JPG,P2060653,NOT EXPORTED,
P2060654.JPG,P2060654,NOT EXPORTED,
P2060655.JPG,P2060655,NOT EXPORTED,
P2060656.JPG,P2060656,NOT EXPORTED,
P2060657.JPG,P2060657,NOT EXPORTED,
P2060658.JPG,P2060658,NOT EXPORTED,
P2060659.JPG,P2060659,NOT EXPORTED,
P2060660.JPG,P2060660,NOT EXPORTED,
P2060661.JPG,P2060661,NOT EXPORTED,
P2060662.JPG,P2060662,NOT EXPORTED,
P2060663.JPG,P2060663,NOT EXPORTED,
P2060664.JPG,P2060664,NOT EXPORTED,
P2060665.JPG,P2060665,NOT EXPORTED,
P2060666.JPG,P2060666,NOT EXPORTED,
P2060667.JPG,P2060667,NOT EXPORTED,
P2060668.JPG,P2060668,NOT EXPORTED,
P2060669.JPG,P2060669,NOT EXPORTED,
P2060670.JPG,P2060670,NOT EXPORTED,
P2060671.JPG,P2060671,NOT EXPORTED,
P2060672.JPG,P2060672,NOT EXPORTED,
P2060673.JPG,P2060673,NOT EXPORTED,
P2060674.JPG,P2060674,NOT EXPORTED,
P2060675.JPG,P2060675,NOT EXPORTED,
P2060676.JPG,P2060676,NOT EXPORTED,
P2060677.JPG,P2060677,NOT EXPORTED,
P2060678.JPG,P2060678,NOT EXPORTED,
P2060679.JPG,P2060679,NOT EXPORTED,
P2060680.JPG,P2060680,NOT EXPORTED,
P2060681.JPG,P2060681,NOT EXPORTED,
P2060682.JPG,P2060682,NOT EXPORTED,
P2060683.JPG,P2060683,NOT EXPORTED,
P2060684.JPG,P2060684,NOT EXPORTED,
P2060685.JPG,P2060685,NOT EXPORTED,
P2060686.JPG,P2060686,NOT EXPORTED,
P2060687.JPG,P2060687,NOT EXPORTED,
P2060688.JPG,P2060688,NOT EXPORTED,
P2060689.JPG,P2060689,NOT EXPORTED,
P2060690.JPG,P2060690,NOT EXPORTED,
P2060691.JPG,P2060691,NOT EXPORTED,
P2060692.JPG,P2060692,NOT EXPORTED,
P2060693.JPG,P2060693,NOT EXPORTED,
P2060694.JPG,P2060694,NOT EXPORTED,
P2060695.JPG,P2060695,NOT EXPORTED,
P2060696.JPG,P2060696,NOT EXPORTED,
P2060697.JPG,P2060697,NOT EXPORTED,
P2060698.JPG,P2060698,NOT EXPORTED,
P2060699.JPG,P2060699,NOT EXPORTED,
P2060700.JPG,P2060700,NOT EXPORTED,
P2060701.JPG,P2060701,NOT EXPORTED,
P2060702.JPG,P2060702,NOT EXPORTED,
P2060703.JPG,P2060703,NOT EXPORTED,
P2060704.JPG,P2060704,NOT EXPORTED,
P2060705.JPG,P2060705,NOT EXPORTED,
P2060706.JPG,P2060706,NOT EXPORTED,
P2060707.JPG,P2060707,NOT EXPORTED,
P2060708.JPG,P2060708,NOT EXPORTED,
P2060709.JPG,P2060709,NOT EXPORTED,
P2060710.JPG,P2060710,NOT EXPORTED,
P2060711.JPG,P2060711,NOT EXPORTED,
P2060712.JPG,P2060712,NOT EXPORTED,
P2060713.JPG,P2060713,NOT EXPORTED,
P2060714.JPG,P2060714,NOT EXPORTED,
P2060715.JPG,P2060715,NOT EXPORTED,
P2060716.JPG,P2060716,NOT EXPORTED,
P2060717.JPG,P2060717,NOT EXPORTED,
P2060718.JPG,P2060718,NOT EXPORTED,
P2060719.JPG,P2060719,NOT EXPORTED,
P2060721.JPG,P2060721,NOT EXPORTED,
P2060722.JPG,P2060722,NOT EXPORTED,
P2060723.JPG,P2060723,NOT EXPORTED,
P2060724.JPG,P2060724,NOT EXPORTED,
P2060725.JPG,P2060725,NOT EXPORTED,
P2060726.JPG,P2060726,NOT EXPORTED,
P2060727.JPG,P2060727,NOT EXPORTED,
P2060728.JPG,P2060728,NOT EXPORTED,
P2060729.JPG,P2060729,NOT EXPORTED,
P2060730.JPG,P2060730,NOT EXPORTED,
P2060731.JPG,P2060731,NOT EXPORTED,
P2060732.JPG,P2060732,NOT EXPORTED,
P2060733.JPG,P2060733,NOT EXPORTED,
P2060734.JPG,P2060734,NOT EXPORTED,
P2060735.JPG,P2060735,NOT EXPORTED,
P2060736.JPG,P2060736,NOT EXPORTED,
P2060737.JPG,P2060737,NOT EXPORTED,
P2060738.JPG,P2060738,NOT EXPORTED,
P2060739.JPG,P2060739,NOT EXPORTED,
P2060740.JPG,P2060740,NOT EXPORTED,
P2060741.JPG,P2060741,NOT EXPORTED,
P2060742.JPG,P2060742,NOT EXPORTED,
P2060743.JPG,P2060743,NOT EXPORTED,
P2060744.JPG,P2060744,NOT EXPORTED,
P2060745.JPG,P2060745,NOT EXPORTED,
P2060746.JPG,P2060746,NOT EXPORTED,
P2060747.JPG,P2060747,NOT EXPORTED,
P2060748.JPG,P2060748,NOT EXPORTED,
P2060749.JPG,P2060749,NOT EXPORTED,
P2060750.JPG,P2060750,NOT EXPORTED,
P2060751.JPG,P2060751,NOT EXPORTED,
P2060753.JPG,P2060753,NOT EXPORTED,
P2060754.JPG,P2060754,NOT EXPORTED,
P2060755.JPG,P2060755,NOT EXPORTED,
P2060756.JPG,P2060756,NOT EXPORTED,
P2060757.JPG,P2060757,NOT EXPORTED,
P2060758.JPG,P2060758,NOT EXPORTED,
P2060759.JPG,P2060759,NOT EXPORTED,
P2060760.JPG,P2060760,NOT EXPORTED,
P2060761.JPG,P2060761,NOT EXPORTED,
P2060762.JPG,P2060762,NOT EXPORTED,
P2060763.JPG,P2060763,NOT EXPORTED,
P2060764.JPG,P2060764,NOT EXPORTED,
