project_folder,photo_filename,colony_id,class,substrate,area_cm2,perimeter_cm,length_cm,width_cm
nathaniel_Black_NB_2-4-26,P2040005,0,PPOR,M,5.155,14.007,4.844,2.2
nathaniel_Black_NB_2-4-26,P2040011,0,PPOR,M,4.417,9.309,2.99,2.179
nathaniel_Black_NB_2-4-26,P2040013,0,PDIG,M,5.389,12.52,3.321,2.874
nathaniel_Black_NB_2-4-26,P2040015,0,PDIG,M,23.655,19.529,5.698,5.5
nathaniel_Black_NB_2-4-26,P2040017,0,PDIG,M,4.021,8.448,2.668,2.25
nathaniel_Black_NB_2-4-26,P2040019,0,PDIG,M,3.144,7.961,2.877,1.832
nathaniel_Black_NB_2-4-26,P2040021,0,PDIG,M,15.044,16.754,5.2,4.574
nathaniel_Black_NB_2-4-26,P2040023,0,PDIG,M,10.229,14.705,4.994,3.347
nathaniel_Black_NB_2-4-26,P2040025,0,PDIG,M,13.971,24.147,5.826,5.144
nathaniel_Black_NB_2-4-26,P2040028,0,PDIG,M,66.667,46.825,12.276,8.284
nathaniel_Black_NB_2-4-26,P2040030,0,PDIG,M,12.55,20.205,5.184,4.24
nathaniel_Black_NB_2-4-26,P2040031,0,PDIG,U,13.076,17.894,4.756,4.382
nathaniel_Black_NB_2-4-26,P2040033,0,PDIG,M,13.184,16.927,4.876,4.218
nathaniel_Black_NB_2-4-26,P2040035,0,PDIG,M,25.495,20.59,6.988,4.902
nathaniel_Black_NB_2-4-26,P2040037,0,PDIG,M,6.312,16.4,3.507,3.295
nathaniel_Black_NB_2-4-26,P2040039,0,PDIG,M,7.407,13.457,3.715,3.427
nathaniel_Black_NB_2-4-26,P2040041,0,SRAD,D,2.096,7.731,2.111,1.737
nathaniel_Black_NB_2-4-26,P2040043,0,SSID,M,25.215,25.255,6.888,6.502
nathaniel_Black_NB_2-4-26,P2040045,0,SRAD,D,2.708,7.163,2.417,1.647
nathaniel_Black_NB_2-4-26,P2040047,0,SRAD,D,11.854,17.363,4.485,4.069
nathaniel_Black_NB_2-4-26,P2040049,0,PDIG,D,9.636,13.925,4.045,3.629
nathaniel_Black_NB_2-4-26,P2040051,0,PDIG,M,8.233,13.518,3.905,3.77
nathaniel_Black_NB_2-4-26,P2040053,0,PDIG,M,11.061,22.846,5.958,4.092
nathaniel_Black_NB_2-4-26,P2040055,0,SRAD,M,2.979,7.367,2.562,1.633
nathaniel_Black_NB_2-4-26,P2040056,0,PDIG,U,0.885,3.923,1.26,0.981
nathaniel_Black_NB_2-4-26,P2040058,0,SRAD,M,2.086,6.467,1.955,1.435
nathaniel_Black_NB_2-4-26,P2040060,0,PDIG,D,2.986,6.92,2.067,1.98
nathaniel_Black_NB_2-4-26,P2040062,0,PDIG,D,4.179,8.553,2.712,2.328
nathaniel_Black_NB_2-4-26,P2040064,0,SSID,D,9.358,13.345,4.707,3.163
nathaniel_Black_NB_2-4-26,P2040064,1,SRAD,D,0.41,2.773,0.958,0.756
nathaniel_Black_NB_2-4-26,P2040066,0,PDIG,D,2.324,7.196,2.242,1.943
nathaniel_Black_NB_2-4-26,P2040069,0,ORBI,M,4.588,8.918,2.823,2.451
nathaniel_Black_NB_2-4-26,P2040071,0,PDIG,M,10.591,14.397,4.26,4.227
nathaniel_Black_NB_2-4-26,P2040073,0,SSID,M,23.777,21.019,5.888,5.538
nathaniel_Black_NB_2-4-26,P2040073,1,SRAD,M,2.78,6.827,2.136,2.088
nathaniel_Black_NB_2-4-26,P2040075,0,PDIG,M,6.924,11.717,3.982,2.804
nathaniel_Black_NB_2-4-26,P2040075,1,PDIG,,2.838,6.558,2.245,1.634
nathaniel_Black_NB_2-4-26,P2040075,2,PDIG,,1.948,5.366,1.686,1.681
nathaniel_Black_NB_2-4-26,P2040075,3,PDIG,all same genet,1.016,3.829,1.178,1.097
nathaniel_Black_NB_2-4-26,P2040077,0,PDIG,M,9.277,23.317,5.305,4.049
nathaniel_Black_NB_2-4-26,P2040077,1,PDIG,,0.889,3.925,1.285,1.193
nathaniel_Black_NB_2-4-26,P2040077,2,PDIG,all same genet,0.395,2.564,0.895,0.727
nathaniel_Black_NB_2-4-26,P2040079,0,SSID,D,5.442,10.32,3.043,2.717
nathaniel_Black_NB_2-4-26,P2040081,0,PDIG,D,18.721,29.611,6.022,5.951
nathaniel_Black_NB_2-4-26,P2040083,0,SSID,D,16.846,18.389,5.197,4.72
nathaniel_Black_NB_2-4-26,P2040083,1,SSID,,1.886,6.746,2.488,1.282
nathaniel_Black_NB_2-4-26,P2040083,2,SSID,ALL SAME GENET,2.272,7.744,2.853,1.188
nathaniel_Black_NB_2-4-26,P2040085,0,PDIG,D,2.114,6.68,2.124,1.38
nathaniel_Black_NB_2-4-26,P2040087,0,SRAD,D,6.185,10.797,3.046,2.919
nathaniel_Black_NB_2-4-26,P2040088,0,SSID,U,18.173,17.556,5.4,4.785
nathaniel_Black_NB_2-4-26,P2040090,0,SRAD,M,2.489,6.48,2.033,1.693
nathaniel_Black_NB_2-4-26,P2040092,0,PDIG,D,15.799,17.471,5.66,4.14
nathaniel_Black_NB_2-4-26,P2040094,0,PDIG,D,0.873,4.342,1.378,1.002
nathaniel_Black_NB_2-4-26,P2040096,0,PDIG,M,8.11,14.65,3.976,3.364
nathaniel_Black_NB_2-4-26,P2040098,0,SRAD,M,3.082,7.848,2.761,1.853
nathaniel_Black_NB_2-4-26,P2040100,0,SRAD,M,1.41,5.373,1.517,1.498
nathaniel_Black_NB_2-4-26,P2040102,0,PDIG,M,22.831,40.488,9.326,7.623
nathaniel_Black_NB_2-4-26,P2040102,1,PDIG,,9.916,19.886,5.432,3.571
nathaniel_Black_NB_2-4-26,P2040102,2,PDIG,,1.849,7.484,2.317,2.132
nathaniel_Black_NB_2-4-26,P2040102,3,PDIG,,5.707,10.747,3.934,2.455
nathaniel_Black_NB_2-4-26,P2040102,4,PDIG,,2.157,7.296,2.765,1.379
nathaniel_Black_NB_2-4-26,P2040102,5,PDIG,all same genet,3.222,8.17,2.746,2.059
nathaniel_Black_NB_2-4-26,P2040102,6,SRAD,M,1.338,5.077,1.551,1.472
nathaniel_Black_NB_2-4-26,P2040104,0,SRAD,M,2.252,6.349,1.842,1.725
nathaniel_Black_NB_2-4-26,P2040104,1,SSID,M,5.306,9.383,3.116,2.43
nathaniel_Black_NB_2-4-26,P2040106,0,SRAD,,2.55,6.839,2.013,1.848
nathaniel_Black_NB_2-4-26,P2040108,0,SRAD,M,11.368,14.13,4.381,3.767
nathaniel_Black_NB_2-4-26,P2040110,0,SRAD,M,5.549,9.669,3.29,2.326
nathaniel_Black_NB_2-4-26,P2040110,1,SRAD,M,0.469,2.93,1.04,0.746
nathaniel_Black_NB_2-4-26,P2040112,0,SRAD,M,1.848,6.8,1.806,1.785
nathaniel_Black_NB_2-4-26,P2040114,0,SRAD,M,1.732,5.869,1.865,1.476
nathaniel_Black_NB_2-4-26,P2040121,0,SRAD,M,3.681,8.256,2.755,1.942
nathaniel_Black_NB_2-4-26,P2040121,1,SRAD,M,1.559,5.183,1.562,1.382
nathaniel_Black_NB_2-4-26,P2040123,0,SRAD,M,1.365,5.324,1.731,1.204
nathaniel_Black_NB_2-4-26,P2040125,0,SRAD,M,0.634,3.586,1.35,0.745
nathaniel_Black_NB_2-4-26,P2040125,1,SRAD,M,0.943,4.334,1.237,1.18
nathaniel_Black_NB_2-4-26,P2040125,2,SRAD,M,0.723,3.959,1.385,0.98
nathaniel_Black_NB_2-4-26,P2040127,0,SRAD,M,1.545,5.807,1.792,1.488
nathaniel_Black_NB_2-4-26,P2040127,1,SRAD,M,1.337,5.022,1.485,1.462
nathaniel_Black_NB_2-4-26,P2040129,0,PAST,M; only partial measurement - image cut off,23.402,29.473,6.78,6.054
nathaniel_Black_NB_2-4-26,P2040131,0,SRAD,M,1.621,4.932,1.66,1.34
nathaniel_Black_NB_2-4-26,P2040132,0,SRAD,M,11.258,13.411,3.984,3.804
nathaniel_Black_NB_2-4-26,P2040133,0,PDIG,U,7.424,12.701,4.642,2.525
nathaniel_Black_NB_2-4-26,P2040134,0,SRAD,U,5.161,9.44,3.024,2.516
nathaniel_Black_NB_2-4-26,P2040135,0,SRAD,U,2.652,6.433,2.185,1.699
nathaniel_Black_NB_2-4-26,P2040136,0,SRAD,U,4.276,12.888,3.772,2.627
nathaniel_Black_NB_2-4-26,P2040138,0,PDIG,M,3.442,8.883,2.432,2.142
nathaniel_Black_NB_2-4-26,P2040140,0,PDIG,M,34.031,51.186,8.91,7.615
nathaniel_Black_NB_2-4-26,P2040140,1,PDIG,M,1.109,4.064,1.367,1.105
nathaniel_Black_NB_2-4-26,P2040142,0,SSID,M,13.508,15.077,4.998,4.227
nathaniel_Black_NB_2-4-26,P2040144,0,SSID,M,117.116,67.286,17.226,10.53
nathaniel_Black_NB_2-4-26,P2040145,0,SSID,U,109.761,43.447,12.735,11.655
nathaniel_Black_NB_2-4-26,P2040146,0,SSID,U,60.824,31.12,10.638,7.198
nathaniel_Black_NB_2-4-26,P2040147,0,MARE,U,23.115,21.556,6.485,5.284
nathaniel_Black_NB_2-4-26,P2040148,0,SRAD,U,2.808,6.535,2.083,1.832
nathaniel_Black_NB_2-4-26,P2040149,0,SRAD,U,0.889,3.7,1.181,1.074
nathaniel_Black_NB_2-4-26,P2040151,0,PDIG,M,1.982,5.862,2.02,1.513
nathaniel_Black_NB_2-4-26,P2040153,0,PDIG,M,5.278,11.984,3.514,2.809
nathaniel_Black_NB_2-4-26,P2040155,0,SSID,M,17.441,17.639,5.368,4.981
nathaniel_Black_NB_2-4-26,P2040157,0,SSID,M,20.966,19.3,6.085,5.394
nathaniel_Black_NB_2-4-26,P2040157,1,SSID,M,0.613,3.725,1.082,0.955
nathaniel_Black_NB_2-4-26,P2040160,0,SRAD,M,6.364,10.679,3.266,2.631
nathaniel_Black_NB_2-4-26,P2040162,0,SRAD,M,0.7,3.339,1.012,1.007
nathaniel_Black_NB_2-4-26,P2040162,1,SRAD,M,7.785,13.409,4.085,3.165
nathaniel_Black_NB_2-4-26,P2040164,0,SRAD,M,5.589,9.446,2.792,2.746
nathaniel_Black_NB_2-4-26,P2040164,1,SRAD,M,0.209,1.871,0.616,0.573
nathaniel_Black_NB_2-4-26,P2040166,0,SRAD,M,3.532,7.733,2.421,2.193
nathaniel_Black_NB_2-4-26,P2040167,0,SRAD,U,6.097,9.874,3.488,2.48
nathaniel_Black_NB_2-4-26,P2040169,0,SRAD,M,1.18,4.529,1.498,1.221
nathaniel_Black_NB_2-4-26,P2040170,0,SRAD,U,11.591,13.867,4.51,3.933
nathaniel_Black_NB_2-4-26,P2040171,0,SRAD,U,5.901,10.018,3.071,2.779
nathaniel_Black_NB_2-4-26,P2040172,0,SRAD,U,2.608,6.927,2.083,1.861
nathaniel_Black_NB_2-4-26,P2040173,0,SRAD,U,5.56,9.953,3.173,2.759
nathaniel_Black_NB_2-4-26,P2040175,0,SRAD,M,2.738,6.995,2.025,1.984
nathaniel_Black_NB_2-4-26,P2040177,0,SRAD,M,3.289,8.071,2.552,2.226
nathaniel_Black_NB_2-4-26,P2040179,0,SRAD,M,9.549,12.539,4.334,3.326
nathaniel_Black_NB_2-4-26,P2040180,0,SRAD,M,7.312,11.784,3.626,3.252
nathaniel_Black_NB_2-4-26,P2040181,0,SRAD,M,9.406,14.039,4.632,3.349
nathaniel_Black_NB_2-4-26,P2040182,0,SRAD,M,3.089,7.044,2.216,2.028
nathaniel_Black_NB_2-4-26,P2040183,0,SRAD,M,11.185,14.315,4.4,4.066
nathaniel_Black_NB_2-4-26,P2040185,0,SRAD,D,15.75,15.772,4.648,4.476
nathaniel_Black_NB_2-4-26,P2040187,0,SRAD,D,15.757,18.324,5.242,4.73
nathaniel_Black_NB_2-4-26,P2040189,0,SRAD,M,7.404,12.89,4.489,3.29
nathaniel_Black_NB_2-4-26,P2040191,0,SRAD,M,20.215,21.951,5.751,5.522
nathaniel_Black_NB_2-4-26,P2040193,0,SRAD,M,4.858,9.021,2.868,2.474
nathaniel_Black_NB_2-4-26,P2040195,0,SRAD,D,14.232,17.707,5.276,4.216
nathaniel_Black_NB_2-4-26,P2040197,0,SRAD,M,8.081,11.79,3.699,3.249
nathaniel_Black_NB_2-4-26,P2040199,0,SRAD,M,22.524,18.992,5.96,4.92
nathaniel_Black_NB_2-4-26,P2040201,0,SRAD,M,7.877,11.696,3.601,3.259
nathaniel_Black_NB_2-4-26,P2040203,0,SRAD,M,28.468,21.463,6.24,6.108
nathaniel_Black_NB_2-4-26,P2040205,0,SRAD,D,7.393,13.759,4.906,1.989
nathaniel_Black_NB_2-4-26,P2040207,0,SRAD,D,3.351,7.843,2.34,2.211
nathaniel_Black_NB_2-4-26,P2040209,0,SRAD,D,26.032,20.565,6.278,5.952
nathaniel_Black_NB_2-4-26,P2040211,0,PDIG,D,18.816,19.592,5.735,5.076
nathaniel_Black_NB_2-4-26,P2040213,0,SRAD,D,2.34,6.079,1.975,1.694
nathaniel_Black_NB_2-4-26,P2040215,0,SRAD,D,0.866,5.571,1.757,1.054
nathaniel_Black_NB_2-4-26,P2040217,0,SRAD,D,1.676,5.455,1.835,1.302
nathaniel_Black_NB_2-4-26,P2040219,0,SRAD,D,1438.53,158.67,48.5,48.2
nathaniel_Black_NB_2-4-26,P2040221,0,SRAD,D,5100.7,277.98,84.5,77.0
nathaniel_Black_NB_2-4-26,P2040223,0,SRAD,D,3001.94,244.61,70.4,62.7
nathaniel_Black_NB_2-4-26,P2040225,0,SRAD,D,1206.43,152.97,48.3,42.2
nathaniel_Black_NB_2-4-26,P2040227,0,SRAD,M,2657.14,240.11,67.4,61.5
nathaniel_Black_NB_2-4-26,P2040229,0,SRAD,M,1335.87,148.11,46.4,39.0
nathaniel_Black_NB_2-4-26,P2040231,0,PDIG,M,3925.38,314.12,101.5,83.0
nathaniel_Black_NB_2-4-26,P2040231,1,PDIG,M,1237.12,172.36,66.5,31.4
nathaniel_Black_NB_2-4-26,P2040233,0,SSID,M,13834.07,661.08,210.6,102.7
nathaniel_Black_NB_2-4-26,P2040235,0,SSID,M,18690.1,564.03,172.0,154.9
nathaniel_Black_NB_2-4-26,P2040237,0,SRAD,M,1294.56,163.74,58.2,33.6
nathaniel_Black_NB_2-4-26,P2040239,0,SRAD,M,7611.81,339.31,97.3,95.6
nathaniel_Black_NB_2-4-26,P2040241,0,PDIG,M,13015.34,595.07,162.9,121.5
nathaniel_Black_NB_2-4-26,P2040242,1,EFAS,U,0.6,3.526,1.221,0.804
nathaniel_Black_NB_2-4-26,P2040242,2,EFAS,U,1.314,6.315,1.668,1.299
nathaniel_Black_NB_2-4-26,P2040242,3,EFAS,U,0.206,2.134,0.804,0.434
nathaniel_Black_NB_2-4-26,P2040242,4,EFAS,U,0.402,2.946,0.963,0.718
nathaniel_Black_NB_2-4-26,P2040242,0,EFAS,U,0.504,3.501,1.097,0.937
nathaniel_Black_NB_2-4-26,P2040243,0,SRAD,U,7.059,11.654,3.584,3.532
nathaniel_Black_NB_2-4-26,P2040244,0,SRAD,U,684.71,118.68,37.4,28.7
nathaniel_Black_NB_2-4-26,P2040245,0,SRAD,U,1042.93,140.29,49.1,33.1
nathaniel_Black_NB_2-4-26,P2040246,0,SRAD,U,6639.92,328.33,115.3,80.6
nathaniel_Black_NB_2-4-26,P2040247,0,SRAD,,4362.16,302.84,116.0,58.6
nathaniel_Black_NB_2-4-26,P2040248,0,SRAD,U,2995.91,255.11,79.1,56.5
nathaniel_Black_NB_2-4-26,P2040249,0,SRAD,U,3356.77,228.57,72.4,60.8
nathaniel_Black_NB_2-4-26,P2040251,0,SRAD,M,5127.48,281.74,90.2,76.8
nathaniel_Black_NB_2-4-26,P2040252,0,SRAD,U,4666.44,331.44,103.9,75.8
nathaniel_Black_NB_2-4-26,P2040253,0,SRAD,U,5888.64,303.68,94.8,83.8
nathaniel_Black_NB_2-4-26,P2040254,0,SRAD,U,1.827,6.226,2.125,1.579
nathaniel_Black_NB_2-4-26,P2040255,0,SRAD,U,1261.06,148.63,51.6,36.6
nathaniel_Black_NB_2-4-26,P2040257,0,SSID,M,135.595,58.77,15.046,14.859
nathaniel_Black_NB_2-4-26,P2040259,0,SSID,M,5.898,10.784,3.356,3.055
nathaniel_Black_NB_2-4-26,P2040264,0,RMUS,M,6.211,10.569,3.143,3.01
nathaniel_Black_NB_2-4-26,P2040266,0,SRAD,M,1330.93,178.27,52.9,38.3
nathaniel_Black_NB_2-4-26,P2040268,0,MARE,M,20.503,19.464,6.032,4.822
nathaniel_Black_NB_2-4-26,P2040270,0,SRAD,D,2397.93,205.62,63.4,55.7
nathaniel_Black_NB_2-4-26,P2040272,0,RMUS,D,3.647,8.466,2.919,2.303
nathaniel_Black_NB_2-4-26,P2040274,0,RMUS,D,7.945,12.309,3.829,3.247
nathaniel_Black_NB_2-4-26,P2040275,0,MARE,U,14.268,17.707,5.856,3.754
nathaniel_Black_NB_2-4-26,P2040277,0,SRAD,M,534.8,96.91,32.0,26.7
nathaniel_Black_NB_2-4-26,P2040279,0,SSID,D,6482.97,423.88,115.3,95.6
nathaniel_Black_NB_2-4-26,P2040281,0,PAST,D,0.651,3.59,1.075,1.049
nathaniel_Black_NB_2-4-26,P2040281,1,PAST,D,1.532,5.153,1.591,1.337
nathaniel_Black_NB_2-4-26,P2040281,2,Empty,,0.001,0.252,0.15,0.047
nathaniel_Black_NB_2-4-26,P2040283,0,SRAD,M,4598.06,323.09,99.4,81.7
nathaniel_Black_NB_2-4-26,P2040283,1,SRAD,M,306.25,70.22,21.7,20.2
nathaniel_Black_NB_2-4-26,P2040283,2,SRAD,M,705.23,128.56,45.2,30.9
nathaniel_Black_NB_2-4-26,P2040285,0,SSID,M,3346.8,233.6,72.5,65.1
nathaniel_Black_NB_2-4-26,P2040287,0,PAST,M,1.192,4.586,1.625,1.135
nathaniel_Black_NB_2-4-26,P2040287,1,PAST,M,1.007,4.553,1.67,0.98
nathaniel_Black_NB_2-4-26,P2040289,0,SSID,D,26517.3,749.14,199.7,193.0
nathaniel_Black_NB_2-4-26,P2040291,0,PDIG,M,1139.81,138.73,42.6,39.5
nathaniel_Black_NB_2-4-26,P2040291,1,PDIG,,1769.38,265.8,98.2,58.0
nathaniel_Black_NB_2-4-26,P2040293,0,SSID,M,10245.79,476.66,128.9,126.2
nathaniel_Black_NB_2-4-26,P2040297,0,PAST,M,6.237,10.727,3.298,2.826
nathaniel_Black_NB_2-4-26,P2040299,0,PAST,M,5.126,10.117,3.414,2.668
nathaniel_Black_NB_2-4-26,P2040301,0,SSID,M,4401.61,392.66,112.9,68.7
nathaniel_Black_NB_2-4-26,P2040303,0,PDIG,M,645.64,103.28,37.0,24.9
nathaniel_Black_NB_2-4-26,P2040303,1,PDIG,M,241.95,60.62,19.6,18.6
nathaniel_Black_NB_2-4-26,P2040305,0,SSID,M,2566.32,206.97,60.1,55.0
nathaniel_Black_NB_2-4-26,P2040306,0,SSID,M,1115.07,169.96,48.9,33.7
nathaniel_Black_NB_2-4-26,P2040307,0,SSID,M,1402.56,159.83,52.3,43.9
nathaniel_Black_NB_2-4-26,P2040308,0,SSID,U,0.0,0.0,0.0,0.0
nathaniel_Black_NB_2-4-26,P2040309,0,PDIG,U,0.0,0.0,0.0,0.0
nathaniel_Black_NB_2-4-26,P2040314,0,PDIG,M,0.0,0.0,0.0,0.0
nathaniel_Black_NB_2-4-26,P2040316,0,PAST,M,3.302,7.233,2.464,1.974
nathaniel_Black_NB_2-4-26,P2040318,0,PAST,M,24.552,21.35,6.93,5.446
nathaniel_Black_NB_2-4-26,P2040320,0,PAST,M,24.806,25.969,9.015,4.63
nathaniel_Black_NB_2-4-26,P2040321,0,SSID,M,0.0,0.0,0.0,0.0
nathaniel_Black_NB_2-4-26,P2040324,0,MARE,M,24.192,22.383,6.809,5.275
nathaniel_Black_NB_2-4-26,P2040330,0,SRAD,M,0.0,0.0,0.0,0.0
